nome;email;dtnasc;sexo;estadoCivil;celular;cep;bairro;cidade;uf;igreja;lidercelula;nomedacelula;arrolamento
"JACY SANTANA ALVES";"";"0";"FEMININO";"0";"83988488962";"";"INTERMARES";"CABEDELO";"PB";"IEB INTERMARES";"PATRÍCIA";"ATOS 1";"SOU MEMBRO"
"ROSÂNGELA MARIA DE ASSIS";"raquel75braz@gmail.com";"25/10/1959";"FEMININO";"SOLTEIRO";"+55 83 9996-0401";"58101-675";"PONTA DE CAMPINA";"CABEDELO";"PB";"IEB INTERMARES";"RAQUEL";"SHAMMAR";"SOU MEMBRO"
"STEFANE SANTOS NUNES DA SILVA ";"";"24/11/1998";"FEMININO";"CASADO";"(83) 98882-0371";"";"CENTRO";"CABEDELO";"PB";"IEB Intermares";"ANDERSON / SAMARA";"PORTO";"NÃO SOU MEMBRO"
"MARIA RITA SOUSA DA CONCEICAO";"";"24/05/2016";"FEMININO";"SOLTEIRO";"(83) 98655-9400";"58102-322";"INTERMARES";"CABEDELO";"PB";"IEB INTERMARES";"VANDERLEI / ANDRÉA";"FLECHAS DO SENHOR 1";"SOU MEMBRO"
"SUENIA BATISTA SILVA";"sueniaelu@gmail.com";"05/03/1983";"FEMININO";"CASADO";"(83) 99931-4738";"58100-515";"PONTA DE MATOS";"CABEDELO";"PB";"IEB INTERMARES";"ALLAN / AILDA";"SHOFAR";"NÃO SOU MEMBRO"
"SARAH LETÍCIA OLIVEIRA DA SILVA ";"rebeccalins17@gmail.com";"2003-10-29";"FEMININO";"SOLTEIRO";"(83) 99624-9891";"";"INTERMARES ";"CABEDELO ";"PB";"IEB Intermares";"THIAGO / NATÁLIA";"AWAKE";"SOU MEMBRO"
"MARCOS ANTONIO LIMEIRA";"drmarcoslimeira@hotmail.com";"13/11/1954";"MASCULINO";"CASADO";"(83) 98895-9942";"58037-245";"JARDIM OCEANIA";"JOÃO PESSOA";"PB";"IEB INTERMARES";"RHODNEY / KAREN";"YAHWEH";"NÃO SOU MEMBRO"
"YURI DA SILVA";"yurisilva22032003@gmail.com";"2003-03-21";"MASCULINO";"CASADO";"(83) 98825-5496";"58105-510";"JACARÉ";"CABEDELO";"PB";"IEB INTERMARES";"SEM CÉLULA";"SEM CÉLULA";"NÃO SOU MEMBRO"
"IASMIM ROCHA AFONSO DE ALENCAR";"loreteixeira2@gmail.com";"2024-01-17";"FEMININO";"SOLTEIRO";"(83) 99144-2416";"58037-225";"INTERMARES";"CABEDELO";"PB";"IEB Intermares";"NATIVA";"SHEKINAH";"SOU MEMBRO"
"THAIZY MARIA RODRIGUES SILVA ";"thiagoidms@gmail.com";"1994-05-13";"FEMININO";"CASADO";"(83) 98651-5662";"58102-316";"PORTAL DO POCO ";"CABEDELO ";"PB";"IEB Intermares";"THIAGO / NATHALIA";"TN01";"SOU MEMBRO"
"RODRIGO JOSÉ BARBOSA GOMES DE ANDRADE";"rodrigobgandrade@gmail.com";"20/07/1974";"";"";"(83) 99671-1263";"58100-206";"CENTRO";"CABEDELO";"PB";"IEB INTERMARES";"GILBERTO / MARCIA";"AGUA VIVA 1";""
"ELAINE CRISTINA BATISTA DE OLIVEIRA ";"";"09/01/1982";"FEMININO";"CASADO";"(83) 98869-0339";"58103-036";"CAMALAÚ";"CABEDELO";"PB";"IEB Intermares";"JOSINALDO / ELAINE";"ATOS 4";"SOU MEMBRO"
"GUILHERME SOARES DE SOUZA";"";"24/02/2014";"MASCULINO";"SOLTEIRO";"88695222";"";"CAMBOINHA";"CABEDELO";"PB";"IEB INTERMARES";"GUILHERME / MIGUEL / FILIPE";"FREEDOM BOYS";"NÃO SOU MEMBRO"
"JUNIER PEREIRA";"junier.pereira@gmail.com";"30/10/1971";"MASCULINO";"CASADO";"(83) 99696-5560";"58102-091";"INTERMARES";"CABEDELO";"PB";"IEB INTERMARES";"LINDEMBERG / ADRIANA / LUCIENE";"IDE";""
"FABIO CHAVES DE LEMOS";"";"10/05/1972";"MASCULINO";"CASADO";"(83) 99901-1080";"58051-592";"BANCÁRIOS";"JOÃO PESSOA";"PB";"IEB INTERMARES";"RHODNEY / KAREN - ARCA";"ARCA";""
"NEUZA LEITE";"";"0";"FEMININO";"0";"67981935169";"";"INTERMARES";"CABEDELO";"PB";"IEB INTERMARES";"PATRÍCIA";"ATOS 1";"SOU MEMBRO"
"AIRTON CÂNDIDO DA SILVA NETO";"";"2004-02-23";"MASCULINO";"SOLTEIRO";"(83) 98610-3223";"";"JARDIM CAMBOINHA ";"CABEDELO ";"PB";"IEB INTERMARES";"AIRTON / EMÍLIA";"HEAVEN";"SOU MEMBRO"
"JAQUELINE CUNHA DO NASCIMENTO";"jaquelineailsoncunha12@gmail.com";"21/05/1981";"FEMININO";"SOLTEIRO";"(83) 99621-0974";"58100-195";"CENTRO";"CABEDELO";"PB";"IEB VILA FELIZ";"GABRIEL / BARBARA";"ATOS 6";"NÃO SOU MEMBRO"
"ANA CECI CAVALCANTE OLIVEIRA";"anaclarasc05@gmail.com";"29/12/2013";"FEMININO";"SOLTEIRO";"(83) 99813-8083";"58102-023";"INTERMARES";"CABEDELO";"PB";"IEB INTERMARES";"ANA / AMANDA";"FREEDOM";"NÃO SOU MEMBRO"
"EDSON DAVI DA SILVA MENEZES";"edsondavi34k@gmail.com";"28/12/2012";"MASCULINO";"SOLTEIRO";"(83) 98391-511";"58103-775";"JARDIM CAMBOINHA";"CABEDELO";"PB";"IEB INTERMARES";"RUBENS / ISAC";"AGUA VIVA 3";"SOU MEMBRO"
"SAFYRA FIDELIS DE ARAÚJO ONOFRE";"";"11/02/2014";"FEMININO";"SOLTEIRO";"5";"";"ILHA DO BISPO";"JOÃO PESSOA";"PB";"IEB INTERMARES";"ANA / AMANDA";"FREEDOM";"NÃO SOU MEMBRO"
"LUCIA DE FÁTIMA CAVALCANTE DIAS DE SOUSA";"lucinhaprof@hotmail.com";"15/05/1962";"FEMININO";"CASADO";"(83) 99985-5399";"58102-316";"INTERMARES";"CABEDELO";"PB";"IEB INTERMARES";"FABRÍCIO / NADJA";"SOL DA JUSTIÇA";"SOU MEMBRO"
"RAIANNA MORAES";"hebertw17@gmail.com";"1989-01-07";"FEMININO";"CASADO";"(83) 99698-6820";"58106-238";"MANAÍRA";"JOÃO PESSOA";"PB";"IEB Intermares";"SEM CÉLULA";"SEM CÉLULA";"SOU MEMBRO"
"JOÃO EDUARDO NUNES MOREIRA";"";"20/08/2013";"MASCULINO";"SOLTEIRO";"83991568657";"";"PONTA DE MATO";"CABEDELO";"PB";"IEB INTERMARES";"REBEKAH";"CHOSEN";"NÃO SOU MEMBRO"
"GILSANDRA CUNHA DO NASCIMENTO";"sandracunhanetas@gmail.com";"14/11/1970";"FEMININO";"SOLTEIRO";"(83) 99900-7388";"58100-195";"CENTRO";"CABEDELO";"PB";"IEB VILA FELIZ";"GABRIEL / BARBARA";"ATOS 6";"NÃO SOU MEMBRO"
"EDUARDO SOUSA DIAS";"";"16/09/1984";"MASCULINO";"CASADO";"(83) 98115-3969";"";"INTERMARES";"CABEDELO";"PB";"IEB Intermares";"LEONARDO / LIDIA";"KAIROS";"SOU MEMBRO"
"CLAUDIO FERNANDES DE LIMA MONTEIRO";"fernandes.lima264@gmail.com";"22/11/1969";"MASCULINO";"CASADO";"(83) 99991-2261";"58100-645";"PONTA DE MATOS";"CABEDELO";"PB";"IEB VILA FELIZ";"FERNANDES / ZELÂNDIA";"ATOS 3";"SOU MEMBRO"
"HORANA DE SOUZA CONRADO";"";"2004-12-10";"FEMININO";"SOLTEIRO";"(96) 99908-0930";"58033-360";"BRISAMAR";"JOÃO PESSOA";"PB";"IEB INTERMARES";"SEM CÉLULA";"SEM CÉLULA";"SOU MEMBRO"
"MANOEL ELIAS FELIPE DA SILVA";"manoelfelipepf@gmail.com";"06/01/1997";"MASCULINO";"SOLTEIRO";"(83) 99855-3287";"58036-520";"AEROCLUBE";"JOÃO PESSOA";"PB";"IEB INTERMARES";"ANDERSON / LAURISA";"EFATÁ";"SOU MEMBRO"
"MARINALVA DA COSTA PONTES";"";"1990-07-30";"FEMININO";"SOLTEIRO";"(83) 98768-1158";"";"CAMALAÚ ";"CABEDELO";"PB";"IEB INTERMARES";"SAMUEL / RAISSA";"MANÁ";"SOU MEMBRO"
"KELLYBETH FIDELIS DE ARAÚJO ONOFRE";"";"";"FEMININO";"CASADO";"83988848571";"";"ILHA DO BISPO";"JOÃO PESSOA";"PB";"IEB INTERMARES";"CAVALCANTE / CONCEIÇÃO";"VINDE A MIM";"NÃO SOU MEMBRO"
"ALICIA LIMA ARAGÃO";"";"2009-08-22";"FEMININO";"SOLTEIRO";"(83) 99671-1039";"58035-130";"BESSA";"JOÃO PESSOA";"PB";"";"LÍVIA / NATÁLIA";"ZION GIRLS";"NÃO SOU MEMBRO"
"BIA SILVA ARAÚJO";"bia@hotmail.com";"1953-09-24";"FEMININO";"CASADO";"(83) 34844-32";"58102-171";"INTERMARES";"CABEDELO";"PB";"IEB INTERMARES";"SEM CÉLULA";"SEM CÉLULA";""
"ANA CLARA PORTELA TAVARES";"anaclarapt1@gmail.com";"16/05/2004";"FEMININO";"SOLTEIRO";"(83) 98684-8637";"";"JARDIM CIDADE UNIVERSITÁRIA";"JOÃO PESSOA";"PB";"IEB Intermares";"GABRIEL / REBECCA";"ZOE";"SOU MEMBRO"
"EDNALVA MARIA DA SILVA ";"";"08/09/1972";"FEMININO";"CASADO";"(83) 98672-3810";"";"FORMOSA";"CABEDELO";"PB";"IEB Intermares";"FÁBIO / EDNALVA";"MANANCIAL";"SOU MEMBRO"
"ALEXANDRE ROSA MEIRELES";"";"1972-04-02";"MASCULINO";"CASADO";"83981691973";"";"JULIETA MARINHO MARCIANO";"JOÃO PESSOA";"PB";"IEB INTERMARES";"SEM CÉLULA";"SEM CÉLULA";"NÃO SOU MEMBRO"
"JOSÉ BATISTA DE MELO SOBRINHO";"thiagoidms@gmail.com";"1973-05-09";"MASCULINO";"SOLTEIRO";"(83) 99988-5591";"58102-316";"POCO";"CABEDELO";"PB";"IEB Intermares";"SEM CÉLULA";"SEM CÉLULA";"SOU MEMBRO"
"CLOVILDA PEREIRA DE SOUZA FRANÇA";"";"2024-06-06";"FEMININO";"CASADO";"(83) 99681-4211";"";"CAMALAÚ ";"CABELO ";"PB";"IEB INTERMARES";"SEM CÉLULA";"SEM CÉLULA";"SOU MEMBRO"
"RAFAELA DO NASCIMENTO FERREIRA";"";"08/06/2002";"FEMININO";"CASADO";"(83) 98891-3933";"";"CENTRO ";"CABEDELO";"PB";"IEB INTERMARES";"WALTER / JESSYKA";"FONTE";"SOU MEMBRO"
"JOSELIA MARTINS BARBOSA";"joseliamartinsde@gmail.com";"25/07/1969";"FEMININO";"CASADO";"(83) 99910-7712";"58102-046";"INTERMARES";"CABEDELO";"PB";"IEB INTERMARES";"JAIRO / ROSANA";"MORIAH";"SOU MEMBRO"
"JOHN LUCAS SCHWAMBACH ARAÚJO";"";"2005-02-27";"MASCULINO";"SOLTEIRO";"(83) 99342-4941";"";"CLÓVIS DE HOLANDA CALADO";"CABEDELO";"PB";"IEB INTERMARES";"THIAGO / NATÁLIA";"AWAKE";"SOU MEMBRO"
"FLÁVIA DA SILVA AVELINO ARAÚJO";"";"0";"FEMININO";"0";"83988219759";"";"INTERMARES";"CABEDELO";"PB";"IEB INTERMARES";"RHODNEY / KAREN";"YAHWEH";"SOU MEMBRO"
"MARIA ADEILDES P CARNEIRO";"maraildesjp@hotmail.com";"02/12/1964";"FEMININO";"CASADO";"(83) 99111-8901";"";"INTERMARES";"CABEDELO ";"PB";"IEB INTERMARES";"SOU SUPERVISOR DE REDE";"VENCEDORES";"SOU MEMBRO"
"ISAC DA SILVA FERNANDEZ DE SOUZA";"";"19/08/2010";"MASCULINO";"SOLTEIRO";"(83) 99850-8428";"58103-775";"JARDIM CAMBOINHA";"CABEDELO";"PB";"IEB Intermares";"RUBENS / ISAC";"AGUA VIVA 3";"NÃO SOU MEMBRO"
"KALEB JOAQUIM DE BRITO";"";"2010-05-18";"MASCULINO";"SOLTEIRO";"(11) 91977-9217";"58106-066";"PORTAL DO POÇO";"CABEDELO";"PB";"IEB INTERMARES";"CLOVIS / LÍVIA";"ROCKS";"SOU MEMBRO"
"CLARISSA VICTORYA CAVALCANTI REIS BATISTA ";"";"25/01/2009";"FEMININO";"SOLTEIRO";"(83) 98673-4388";"";"INTERMARES ";"CABEDELO";"PB";"IEB Intermares";"JOHN / KAMYLLE";"DYNAMUS";"SOU MEMBRO"
"VÂNIA SUELY DA SILVA TRINDADE";"vaniasuelytrndd@gmail.com";"1966-12-29";"FEMININO";"CASADO";"(96) 99108-0898";"58106-548";"AMAZÔNIA PARK";"CABEDELO";"PB";"IEB INTERMARES";"RICARDO / ROSANE";"KADOSH";"NÃO SOU MEMBRO"
"NAJLA SOUZA DE MATOS";"najila.matos2018@gmail.com";"13/02/1962";"FEMININO";"SOLTEIRO";"(68) 99904-4109";"58101-352";"CAMBOINHA";"CABEDELO";"PB";"IEB INTERMARES";"";"";"SOU MEMBRO"
"RICARDO GALDINO DOS SANTOS ";"";"12/01/2007";"MASCULINO";"SOLTEIRO";"(83) 98644-3876";"58103-775";"JARDIM CAMBOINHA";"CABEDELO";"PB";"IEB Intermares";"GILBERTO / MARCIA";"AGUA VIVA 1";"NÃO SOU MEMBRO"
"VALDIRENE EVARISTO SANTANA BEZERRA DE MENEZES";"vevaristosantana@gmail.com";"04/10/1980";"FEMININO";"CASADO";"(69) 99273-8973";"58101-432";"POÇO";"CABEDELO";"PB";"IEB INTERMARES";"CAVALCANTE / CONCEIÇÃO";"VINDE A MIM";"SOU MEMBRO"
"TEREZA DA SILVA RODRIGUES";"tereza123silva@gmail.com";"29/08/1970";"FEMININO";"SOLTEIRO";"(83) 99690-1008";"58101-675";"PONTA DE CAMPINA";"CABEDELO";"PB";"IEB INTERMARES";"RAQUEL";"SHAMMAR";"SOU MEMBRO"
"JOSÉ CRISTOVÃO ROCHA SILVA";"fausttojr@gmail.com";"05/10/1979";"MASCULINO";"CASADO";"(82) 98177-0701";"58103-684";"JARDIM CAMBOINHA";"CABEDELO";"PB";"IEB INTERMARES";"LINDEMBERG / ADRIANA / LUCIENE";"IDE";""
"LUZIMAR";"";"02/03/2026";"FEMININO";"";"";"";"";"";"";"IEB INTERMARES";"MARIA / NILMA";"MN01";"SOU MEMBRO"
"EMANUEL NEEMIAS NERYS FRUTUOSO";"emanuelnerys@gmail.com";"2006-03-23";"MASCULINO";"CASADO";"(83) 98808-3567";"58090-220";"ALTO DO MATEUS";"JOÃO PESSOA";"PB";"IEB INTERMARES";"SEM CÉLULA";"SEM CÉLULA";"SOU MEMBRO"
"LUCAS GONÇALVES MENDES LIMA ";"wemilly.lara@hotmail.com";"2001-10-05";"MASCULINO";"SOLTEIRO";"(83) 99998-7850";"58101-830";"PONTA DE CAMPINA";"CABEDELO";"PB";"IEB Intermares";"SEM CÉLULA";"SEM CÉLULA";"SOU MEMBRO"
"BARBARA KAROLINA DE FREITAS SOARES";"";"22/10/1996";"FEMININO";"CASADO";"(83) 99928-9078";"58100-233";"CENTRO";"CABEDELO";"PB";"IEB Intermares";"GABRIEL / BARBARA";"ATOS 6";"SOU MEMBRO"
"ANDERSON WILLIAN DA SILVA TRINDADE";"andertrndd@gmail.com";"18/10/1993";"MASCULINO";"CASADO";"(83) 99684-6647";"58106-548";"AMAZÔNIA PARK";"CABEDELO";"PB";"IEB INTERMARES";"ANDERSON / LAURISA";"EFATÁ";"SOU MEMBRO"
"ARTHUR CASSIANO DE SOUZA CELESTINO";"arthurcassianojp@gmail.com";"15/04/2003";"MASCULINO";"SOLTEIRO";"(83) 98649-6409";"58071-220";"CRISTO REDENTOR";"JOÃO PESSOA";"PB";"IEB INTERMARES";"GABRIEL / RAYZA";"PENIEL";"SOU MEMBRO"
"WALTER RIBEIRO CIRNE";"";"04/05/1997";"MASCULINO";"CASADO";"(83) 98833-0531";"";"JARDIM CAMBOINHA";"CABEDELO ";"PB";"IEB INTERMARES";"WALTER / JESSYKA";"FONTE";"SOU MEMBRO"
"JOSE DEYVISON DA SILVA QUEIROZ";"victorjuan4724@gmail.com";"2005-05-17";"MASCULINO";"SOLTEIRO";"(83) 98700-4595";"58101-275";"CAMBOINHA";"CABEDELO";"PB";"IEB Intermares";"AIRTON / EMÍLIA";"HEAVEN";"SOU MEMBRO"
"TATIANNE OLIVEIRA MARQUES DE MELO";"";"02/11/1991";"FEMININO";"CASADO";"(83) 99801-0858";"";"INTERMARES";"CABEDELO";"PB";"IEB Intermares";"ELIANE";"MAANAIM 1";"SOU MEMBRO"
"JOSELITA JESUS MIRANDA";"ninamiranda2820012007@gmail.com";"1975-09-06";"FEMININO";"SOLTEIRO";"(83) 99952-9920";"58101-700";"PONTA DE CAMPINA";"CABEDELO";"PB";"IEB INTERMARES";"SEM CÉLULA";"SEM CÉLULA";"NÃO SOU MEMBRO"
"MARINÊS DE LUCENA";"aline.bezerra31@gmail.com";"1959-06-29";"FEMININO";"SOLTEIRO";"(83) 98633-5422";"58102-141";"MONTE CASTELO ";"CABEDELO";"PB";"IEB Intermares";"BERNADETE / JAMILLY";"MAANAIM 2";"NÃO SOU MEMBRO"
"REGINA CELIA MARQUES DE ARAUJO";"reginarcma@gmail.com";"1952-08-26";"FEMININO";"SOLTEIRO";"(83) 99142-6959";"58102051";"INTERMARES";"CABEDELO";"PB";"IEB INTERMARES";"SEM CÉLULA";"SEM CÉLULA";"NÃO SOU MEMBRO"
"ANDREI WILLIAM BEZERRA LEAL";"";"2010-02-17";"MASCULINO";"SOLTEIRO";"(71) 98600-5767";"";"INTERMARES ";"CABEDELO";"BA";"IEB Intermares";"SEM CÉLULA";"SEM CÉLULA";"SOU MEMBRO"
"BERNADETE CAVALCANTE ";"";"2024-06-18";"FEMININO";"SOLTEIRO";"(83) 99335-3686";"";"CAMALAÚ ";"CABEDELO ";"PB";"IEB Intermares";"SEM CÉLULA";"SEM CÉLULA";"SOU MEMBRO"
"FÁBIO LOPES ONOFRE";"";"";"MASCULINO";"";"83987290422";"";"ILHA DO BISPO";"JOÃO PESSOA";"PB";"IEB INTERMARES";"CAVALCANTE / CONCEIÇÃO";"VINDE A MIM";"NÃO SOU MEMBRO"
"PAULO ROOSEVELT DE MORAES REIS";"";"1955-11-08";"MASCULINO";"CASADO";"(61) 98205-3098";"58102-322";"INTERMARES";"CABEDELO";"PB";"IEB INTERMARES";"CLÁUDIO / JAQUELINE";"AGAPE";"SOU MEMBRO"
"DAVI DA SILVA MOURA";"anapietra2008@outlook.com";"2010-04-20";"MASCULINO";"SOLTEIRO";"(83) 99102-4450";"58106-562";"JARDIM OCEANIA ";"JOÃO PESSOA";"PB";"IEB Intermares";"CLOVIS / LÍVIA";"ROCKS";"SOU MEMBRO"
"TAIANA CRISTIANE DA COSTA GUERRA";"";"0";"FEMININO";"0";"83981099167";"";"INTERMARES";"CABEDELO";"PB";"IEB INTERMARES";"";"";"SOU MEMBRO"
"SHEILA VALE DA SILVA";"sheilavalesilva@gmail.com";"1973-07-27";"FEMININO";"SOLTEIRO";"(83) 98605-9707";"58100-976";"CENTRO";"CABEDELO";"PB";"IEB INTERMARES";"CAVALCANTE / CONCEIÇÃO";"VINDE A MIM";"SOU MEMBRO"
"FRANCISCA FERREIRA DE OLIVEIRA BEZERRA";"";"19/11/1951";"FEMININO";"CASADO";"(71) 98706-8265";"58102-141";"INTERMARES";"CABEDELO";"PB";"IEB INTERMARES";"PATRÍCIA";"ATOS 1";"NÃO SOU MEMBRO"
"YANN KLINSMANN MONTEIRO VASCONCELOS";"rebeccalins17@gmail.com";"1998-01-19";"MASCULINO";"SOLTEIRO";"(83) 99835-5292";"";"CENTRO ";"CABEDELO";"PB";"IEB Intermares";"THIAGO / NATÁLIA";"AWAKE";"SOU MEMBRO"
"EZEQUIEL QUEIROZ DE NORONHA";"equeirozdenoronha@gmail.com";"1998-02-28";"MASCULINO";"CASADO";"(63) 98442-3268";"58035-040";"BESSA";"JOÃO PESSOA";"PB";"IEB INTERMARES";"GUSTAVO / MARIANA";"HEAVEN";"SOU MEMBRO"
"LORENNA DE MENEZES ROLIM RODRIGUES";"";"11/08/1986";"FEMININO";"CASADO";"(83) 98729-1268";"58078-340";"FUNCIONÁRIOS";"JOÃO PESSOA";"PB";"IEB INTERMARES";"ARTHUR / LORENA";"AL01";"SOU MEMBRO"
"GERLANE DE LOURDES NASCIMENTO DE ANDRADE ";"";"19/08/1975";"FEMININO";"CASADO";"(83) 99328-7872";"";"CENTRO ";"CABEDELO ";"PB";"IEB Intermares";"ELIANE";"MAANAIM 1";"SOU MEMBRO"
"MOZER DO NASCIMENTO CRIZÓSTOMO";"mozer.cielle@gmail.com";"14/01/1985";"MASCULINO";"CASADO";"(83) 99397-9455";"58102-162";"INTERMARES";"CABEDELO";"PB";"IEB INTERMARES";"SOU SUPERVISOR DE REDE";"";"NÃO SOU MEMBRO"
"RAMON ELSON FIRMINO DE SOUZA ";"";"10/05/1982";"MASCULINO";"CASADO";"(83) 98868-7550";"";"BELA VISTA ";"CABEDELO ";"PB";"IEB Intermares";"RAMON / NAZELIA";"FILADÉLFIA ";"SOU MEMBRO"
"MARTA SUELY  LEITE RIBEIRO CABRAL";"";"02/11/1953";"FEMININO";"CASADO";"(83) 98882-0003";"58035-010";"BESSA";"JOÃO PESSOA";"PB";"IEB Intermares";"BELMIRO / MÔNICA";"LEÃO DE JUDÁ";"SOU MEMBRO"
"NATHALIA NAVARRO DIAS ";"hebertw17@gmail.com";"1985-10-23";"FEMININO";"CASADO";"(83) 98784-1366";"58106-238";"INTERMARES ";"CABEDELO ";"PB";"IEB Intermares";"THIAGO / NATHALIA";"TN01";""
"JUAN CARLOS DA CONCEIÇÃO REIS";"";"2007-10-08";"MASCULINO";"SOLTEIRO";"(83) 98653-9043";"58038-070";"MANAÍRA";"JOÃO PESSOA";"PB";"IEB Intermares";"EDUARDO / NICOLLY";"EN01";"SOU MEMBRO"
"KILNAYARA FIGUEIREDO SILVA ";"";"26/02/1994";"FEMININO";"CASADO";"(83) 99929-5766";"";"JARDIM BRASÍLIA ";"CABEDELO ";"PB";"IEB Intermares";"ANDERSON / SAMARA";"PORTO";"SOU MEMBRO"
"EMILLY NASCIMENTO  BADU";"";"2001-10-14";"FEMININO";"SOLTEIRO";"(83) 98820-7236";"58106-548";"AMAZÔNIA PARK";"CABEDELO";"PB";"IEB Intermares";"EMILLY / MARIA";"ÁGUA VIVA 4";"SOU MEMBRO"
"MERCIA VELOSO RODRIGUES SANTOS";"velososilva.marcia69@gmail.com";"1992-03-07";"FEMININO";"CASADO";"(83) 99843-5949";"58103-706";"JARDIM CAMBOINHA";"CABEDELO";"PB";"IEB Intermares";"EMILLY / MARIA";"ÁGUA VIVA 4";"SOU MEMBRO"
"ANA VITÓRIA DE FIGUEIREDO PESSOA CAVALCANTE";"";"10/09/2000";"FEMININO";"CASADO";"(83) 98658-6613";"58101-323";"CAMBOINHA";"CABEDELO";"PB";"IEB INTERMARES";"ANDERSON / LAURISA";"EFATÁ";"SOU MEMBRO"
"RHODNEY CESAR DE LIMA SILVA";"";"25/06/1988";"MASCULINO";"CASADO";"(61) 98576-4152";"58035-320";"BESSA";"JOÃO PESSOA";"PB";"IEB INTERMARES";"RHODNEY / KAREN - ARCA";"ARCA";"SOU MEMBRO"
"HUMBERTO PASCARELLI NETO";"";"0";"MASCULINO";"CASADO";"(92) 98260-0523";"";"JARDIM OCEANIA";"JOÃO PESSOA";"PB";"IEB INTERMARES";"SAMUEL / RAISSA";"MANÁ";"SOU MEMBRO"
"LUCÍOLA DA SILVA TEIXEIRA SANTOS";"luciolateixeira1@gmail.com";"1974-02-28";"FEMININO";"CASADO";"(83) 99849-2945";"58037-225";"JARDIM OCEANIA";"JOÃO PESSOA";"PB";"IEB INTERMARES";"ERIVALDO / LUCÍOLA";"HAGIOS";"SOU MEMBRO"
"MARIA DA GUIA FERREIRA DA SILVA";"";"02/02/2003";"FEMININO";"SOLTEIRO";"(83) 99610-9384";"58101-312";"CAMBOINHA";"CABEDELO";"PB";"IEB Intermares";"GILBERTO / MARCIA";"AGUA VIVA 1";"NÃO SOU MEMBRO"
"BERNADETE MARIA FERREIRA CAVALCANTE ";"aline.bezerra31@gmail.com";"1956-01-17";"FEMININO";"SOLTEIRO";"(83) 99335-3686";"58102-141";"CAMALAÚ ";"CABEDELO ";"PB";"IEB Intermares";"BERNADETE / JAMILLY";"MAANAIM 2";"0"
"HEITOR WILLIAN RODRIGUES SILVA";"";"09/01/2022";"MASCULINO";"SOLTEIRO";"";"";"";"";"";"IEB INTERMARES";"RAQUEL / ADEILDES";"VENCEDORES";"SOU MEMBRO"
"JOSÉ RIBAMAR ARAÚJO CIRNE";"";"2000-01-01";"MASCULINO";"0";"83987807626";"";"BESSA";"JOÃO PESSOA";"PB";"IEB INTERMARES";"GUTEMBERG / ELAINE";"ATOS 2";"SOU MEMBRO"
"ZENILDA MARQUES DE LIMA LIMEIRA";"";"0";"FEMININO";"0";"(83)98673-2492";"";"0";"CABEDELO";"PB";"IEB INTERMARES";"RHODNEY / KAREN";"YAHWEH";"NÃO SOU MEMBRO"
"MARTHA CRISTINA MOURA DE OLIVEIRA ";"";"1961-03-10";"FEMININO";"CASADO";"(83) 99630-5158";"";"BESSA";"JOÃO PESSOA ";"PB";"IEB Intermares";"SEM CÉLULA";"SEM CÉLULA";"SOU MEMBRO"
"VANESSA";"";"02/03/2026";"FEMININO";"SOLTEIRO";"";"";"";"";"";"IEB INTERMARES";"MARIA / NILMA";"MN01";"NÃO SOU MEMBRO"
"SUELY BOONE";"suboone.sb@gmail.com";"20/11/1976";"FEMININO";"CASADO";"(71) 99993-0833";"58102-337";"INTERMARES";"CABEDELO";"PB";"IEB INTERMARES";"ROGÉRIO / LUCIÉLLEN";"AVIVAMENTO";"NÃO SOU MEMBRO"
"TIAGO GONÇALVES MENDES LIMA ";"";"2004-06-09";"MASCULINO";"SOLTEIRO";"(83) 99966-3736";"";"PONTA DE CAMPINA ";"CABEDELO ";"PB";"IEB Intermares";"SEM CÉLULA";"SEM CÉLULA";"SOU MEMBRO"
"MARLENE";"";"02/03/2026";"FEMININO";"";"";"";"";"";"";"IEB INTERMARES";"MARIA / NILMA";"MN01";"NÃO SOU MEMBRO"
"JOÃO ARTHUR ARNAUD BERNARDO";"";"2009-02-02";"MASCULINO";"SOLTEIRO";"(83) 98783-6556";"";"JARDIM MANGUINHOS ";"CABEDELO ";"PB";"IEB INTERMARES";"JOHN / SAYMON / LUCAS";"OVERFLOW";"SOU MEMBRO"
"GUILHERME MARIANO SILVA DE ABREU";"";"2007-09-02";"MASCULINO";"SOLTEIRO";"(83) 98751-0018";"";"INTERMARES ";"CABEDELO ";"PB";"IEB INTERMARES";"FLÁVIO / LIVYA";"MARANATA";"SOU MEMBRO"
"MARIA DE LOURDES TEIXEIRA DA SILVA";"";"25/09/1966";"FEMININO";"SOLTEIRO";"(83) 99359-6017";"";"INTERMARES";"CABEDELO";"PB";"IEB Intermares";"ELIANE";"MAANAIM 1";"SOU MEMBRO"
"ELIZA DE OLIVEIRA DO MONTE ";"";"13/03/2009";"FEMININO";"SOLTEIRO";"(83) 98177-0781";"58103-036";"CAMALAÚ";"CABEDELO";"PB";"IEB Intermares";"JOSINALDO / ELAINE";"ATOS 4";"SOU MEMBRO"
"NICOLY OLIVEIRA DA SILVA";"";"2011-05-29";"FEMININO";"SOLTEIRO";"83998292159";"";"INTERMARES";"CABEDELO";"PB";"IEB INTERMARES";"SEM CÉLULA";"SEM CÉLULA";"NÃO SOU MEMBRO"
"NICHELE DA SILVA COUTINHO";"coutinhonichele7@gmail.com";"05/01/1974";"FEMININO";"CASADO";"(083)991327614";"58101-675";"PONTA DE CAMPINA";"CABEDELO";"PB";"IEB INTERMARES";"RAQUEL";"SHAMMAR";"SOU MEMBRO"
"WLADINEIA DE ALMEIDA LIMA";"reginarcma@gmail.com";"1969-05-28";"FEMININO";"SOLTEIRO";"(83) 98618-8838";"58102051";"INTERMARES ";"CABEDELO";"PB";"IEB Intermares";"SEM CÉLULA";"SEM CÉLULA";"SOU MEMBRO"
"ELI HONORIO DO NASCIMENTO SILVA";"";"2001-04-29";"MASCULINO";"SOLTEIRO";"(83) 99618-685";"58105-126";"RECANTO DO POÇO";"CABEDELO";"PB";"IEB INTERMARES";"JOAO / SHIRLEY";"JS01";"SOU MEMBRO"
"LUCIMARIA DA SILVA BARBOSA";"silvalucimaria238@gmail.com";"05/06/1988";"FEMININO";"SOLTEIRO";"(83) 99147-7949";"58103-775";"JARDIM CAMBOINHA";"CABEDELO";"PB";"IEB INTERMARES";"GILBERTO / MARCIA";"AGUA VIVA 1";""
"MATHEUS HARDMAN DE ATHAYDE";"aline.bezerra31@gmail.com";"1983-05-31";"MASCULINO";"CASADO";"(83) 98870-9050";"58102-141";"SANTA CATARINA";"CABEDELO ";"PB";"IEB Intermares";"BERNADETE / JAMILLY";"MAANAIM 2";"SOU MEMBRO"
"NATHÁLIA KELLY AVELINO MENDONÇA";"nathaliakellyevelin@gmail.com";"17/09/2000";"FEMININO";"SOLTEIRO";"(83) 98659-1395";"58035-090";"BESSA";"JOÃO PESSOA";"PB";"IEB INTERMARES";"ANDERSON / LAURISA";"EFATÁ";"SOU MEMBRO"
"MARIA EDUARDA FERREIRA DE OLIVEIRA ";"";"2002-01-14";"FEMININO";"SOLTEIRO";"(83) 98627-5505";"";"INTERMARES";"CABEDELO ";"PB";"IEB Intermares";"THIAGO / NATÁLIA";"AWAKE";"SOU MEMBRO"
"RAIMUNDA  ELENITA PEREIRA";"relenitapereira@gmail.com";"06/05/1954";"FEMININO";"SOLTEIRO";"(93) 99916-4134";"58101-572";"POÇO";"CABEDELO";"PB";"IEB INTERMARES";"FABRÍCIO / NADJA";"SOL DA JUSTIÇA";"SOU MEMBRO"
"ERIKA ARAUJO SALES ";"";"09/02/1985";"FEMININO";"CASADO";"(83) 99621-7454";"58102-252";"INTERMARES";"CABEDELO";"PB";"IEB Intermares";"SAULO / ERIKA";"ATALAIA";"SOU MEMBRO"
"JOSÉ RYAN GARCIA VIANA ";"victorjuan4724@gmail.com";"2004-07-14";"MASCULINO";"SOLTEIRO";"(83) 99606-5172";"58103-077";"PONTA DE MATOS ";"CABEDELO ";"PB";"IEB Intermares";"AIRTON / EMÍLIA";"HEAVEN";"SOU MEMBRO"
"JOSÉ CAVALCANTE PINTO";"cavalcanti@gmail.com";"1959-06-15";"MASCULINO";"CASADO";"(83) 98810-1350";"58102-023";"INTERMARES";"CABEDELO";"PB";"IEB INTERMARES";"CAVALCANTE / CONCEIÇÃO";"VINDE A MIM";"NÃO SOU MEMBRO"
"SABRINA";"sperezcoelho@gmail.com";"25/08/2026";"FEMININO";"CASADO";"(21) 99439-0644";"58102-362";"INTERMARES";"CABEDELO";"PB";"IEB INTERMARES";"ROGÉRIO / LUCIÉLLEN";"AVIVAMENTO";""
"RICARDO SOARES RIBEIRO";"ricardo.rosane@gmail.com";"15/09/1974";"MASCULINO";"CASADO";"(83) 98891-9422";"";"INTERMARES";"CABEDELO";"PB";"IEB Intermares";"RICARDO / ROSANE";"KADOSH";"SOU MEMBRO"
"EDVANIA SILVA DE SOUZA";"edvaniasouza200118@gmail.com";"06/10/1984";"FEMININO";"SOLTEIRO";"(83) 99323-0331";"58103-722";"JARDIM CAMBOINHA";"CABEDELO";"PB";"IEB INTERMARES";"GILBERTO / MARCIA";"AGUA VIVA 1";"NÃO SOU MEMBRO"
"ERICK DOUGLAS FARIAS BARBOSA";"";"08/05/1996";"MASCULINO";"CASADO";"(83) 98767-2979";"";"MANGABEIRA ";"JOÃO PESSOA";"PB";"IEB Intermares";"RAMON / NAZELIA";"FILADÉLFIA";"SOU MEMBRO"
"JOSE NILSON DE LIMA";"";"24/06/1965";"";"CASADO";"(83) 99188-4020";"58102-133";"INTERMARES";"CABEDELO";"PB";"IEB Intermares";"JAIRO / ROSANA";"MORIAH";"SOU MEMBRO"
"PALLOMA DE C R PARREIRA";"";"17/11/1982";"FEMININO";"CASADO";"(61) 98566-0184";"58030-216";"ESTADOS";"JOÃO PESSOA";"PB";"IEB INTERMARES";"RHODNEY / KAREN - ARCA";"ARCA";"NÃO SOU MEMBRO"
"PEDRO HENRIQUE MORAIS CRISÓSTOMO";"pitohenrique@gmail.com";"2011-07-03";"MASCULINO";"SOLTEIRO";"(83) 74005-70";"58102-162";"INTERMARES";"CABEDELO";"PB";"IEB INTERMARES";"GUILHERME / MIGUEL / FILIPE";"FREEDOM BOYS";"SOU MEMBRO"
"GEOVANIA CARNEIRO DE LIMA";"Geovania.carneiro2014@gmail.com";"30/10/2024";"FEMININO";"CASADO";"(61) 99695-6777";"58036-840";"AEROCLUBE";"JOÃO PESSOA";"PB";"IEB INTERMARES";"FABRÍCIO / NADJA";"SOL DA JUSTIÇA";""
"GABRIEL PENTEADO MARINI";"draftsmanc@gmail.com";"1995-10-01";"MASCULINO";"SOLTEIRO";"(83) 98773-2985";"58102-016";"INTERMARES";"CABEDELO";"PB";"IEB INTERMARES";"HELLISSON / CHARLENE";"ADONAI";"SOU MEMBRO"
"MIGUEL BERNARDO CIRNE";"";"04/09/2015";"MASCULINO";"SOLTEIRO";"(83) 98129-2570";"58036-440";"AEROCLUBE";"JOÃO PESSOA";"PB";"IEB INTERMARES";"ANDREIA / VANDERLEI";"FLECHAS DO SENHOR 1";"NÃO SOU MEMBRO"
"AIRTON CANDIDO DA SILVA NETO";"airtoncandidodasilvaneto@gmail.com";"23/02/2004";"MASCULINO";"SOLTEIRO";"(83) 98610-3223";"58103-689";"JARDIM CAMBOINHA";"CABEDELO";"PB";"IEB INTERMARES";"FÁBIO / EDNALVA";"MANANCIAL";"SOU MEMBRO"
"DÉBORA DA SILVA RODRIGUES.";"";"02/05/2024";"FEMININO";"SOLTEIRO";"(08) 98701-6603";"58103-753";"JARDIM CAMBOINHA";"CABEDELO";"PB";"IEB INTERMARES";"ANDREIA / VANDERLEI";"FLECHAS DO SENHOR 1";"SOU MEMBRO"
"LINDEMBERG DA CONCEIÇÃO";"lindemberg.b2k@hotmail.com";"2000-01-01";"MASCULINO";"CASADO";"83987317827";"";"INTERMARES";"CABEDELO";"PB";"IEB INTERMARES";"LINDEMBERG / ADRIANA / LUCIENE";"IDE";"SOU MEMBRO"
"MARIANA INOCÊNCIO LIRA";"marianailira.14@gmail.com";"04/08/2006";"FEMININO";"SOLTEIRO";"(83) 99662-2494";"58046-110";"ALTIPLANO CABO BRANCO";"JOÃO PESSOA";"PB";"IEB INTERMARES";"THIAGO / NATÁLIA";"AWAKE";"SOU MEMBRO"
"ADENILDE SOARES DE SOUZA";"";"08/07/1979";"FEMININO";"0";"83987032400";"";"JARDIM CAMBOINHA";"CABEDELO-PB";"PB";"IEB INTERMARES";"GUTEMBERG / ELAINE";"ATOS 2";"NÃO SOU MEMBRO"
"DAVI ELOI ALVES PINTO";"";"2014-02-09";"MASCULINO";"SOLTEIRO";"0";"";"JARDIM OCEANIA";"JOÃO PESSOA";"PB";"IEB INTERMARES";"GUILHERME / MIGUEL / FILIPE";"FREEDOM BOYS";"NÃO SOU MEMBRO"
"RAFAEL TEOTONIO G. MAIA";"";"11/02/1996";"MASCULINO";"SOLTEIRO";"(83) 98799-4492";"58039-190";"TAMBAÚ";"JOÃO PESSOA";"PB";"IEB Intermares";"";"";"NÃO SOU MEMBRO"
"ADNA JESSIKA PEREIRA DA SILVA ";"wemilly.lara@hotmail.com";"1998-12-09";"FEMININO";"SOLTEIRO";"(83) 98879-2731";"58101-830";"INTERMARES";"CABEDELO ";"PB";"IEB Intermares";"THIAGO / NATÁLIA";"AWAKE";"SOU MEMBRO"
"CAROLINE DANTAS GUILHERME DE SOUZA";"carolline@gmail.com";"2000-01-22";"FEMININO";"SOLTEIRO";"(83) 98187-1827";"58101-534";"POÇO";"CABEDELO";"PB";"IEB INTERMARES";"MARIA / NILMA";"MN01";"SOU MEMBRO"
"CLAIR SAATKAMP";"clairsaatkamp@gmail.com";"23/12/1961";"FEMININO";"SOLTEIRO";"(83) 99604-3997";"58035-105";"BESSA";"JOÃO PESSOA";"PB";"IEB INTERMARES";"ERIVALDO / LUCÍOLA";"HAGIOS";"NÃO SOU MEMBRO"
"ALLAN ANDERSON SERAFIM DE ALMEIDA";"";"12/05/1988";"MASCULINO";"";"83991160167";"";"POÇO";"CABEDELO";"PB";"IEB INTERMARES";"ALDA";"A01";"NÃO SOU MEMBRO"
"SHIRLEY JACKLINE LIMA BEZERRA";"bezerrashirley09@gmail.com";"1997-12-08";"FEMININO";"CASADO";"(83) 98659-5984";"58101-298";"CAMBOINHA";"CABEDELO";"PB";"IEB INTERMARES";"JOAO / SHIRLEY";"JS01";"SOU MEMBRO"
"GUILHERME RHANIEL SILVA DE MELO";"Guilhermerhaniel2009@gmail.com";"04/05/2009";"MASCULINO";"SOLTEIRO";"(83) 98609-4535";"58103-362";"JARDIM BRASÍLIA";"CABEDELO";"PB";"IEB INTERMARES";"ADRIANA / KENEDY";"AGUA VIVA 2";"NÃO SOU MEMBRO"
"ANA PIETRA DA SILVA SOUZA";"";"25/05/2017";"FEMININO";"SOLTEIRO";"";"58101-232";"AREIA DOURADA";"CABEDELO";"PB";"IEB INTERMARES";"ANDREIA / VANDERLEI";"FLECHAS DO SENHOR 1";"SOU MEMBRO"
"MARIA MARIANA GONCAL FORMIGA";"";"22/10/2019";"FEMININO";"SOLTEIRO";"(83) 99601-8227";"58102-322";"INTERMARES";"CABEDELO";"PB";"IEB INTERMARES";"RAQUEL / ADEILDES";"VENCEDORES";"SOU MEMBRO"
"RAHISSA JENNIFER BARBOSA DA SILVA";"";"2010-06-27";"FEMININO";"SOLTEIRO";"(83) 99902-0388";"58103-775";"JARDIM CAMBOINHA";"CABEDELO";"PB";"IEB Intermares";"SEM CÉLULA";"SEM CÉLULA";"NÃO SOU MEMBRO"
"EVALDO DO NASCIMENTO";"";"08/01/1970";"MASCULINO";"SOLTEIRO";"(83) 99654-1854";"58103-414";"JARDIM BRASÍLIA";"CABEDELO";"PB";"IEB INTERMARES";"FÁBIO / EDNALVA";"MANANCIAL";"SOU MEMBRO"
"SONIA REGINA KAJIMOTO";"";"01/04/1964";"FEMININO";"CASADO";"(83) 98172-5300";"58102-337";"INTERMARES";"CABEDELO";"PB";"IEB INTERMARES";"SIMONE";"S01";"SOU MEMBRO"
"MARCIELLE APARECIDA SANTOS MORAIS CRIZÓSTOMO";"marcielle.mozer@gmail.com";"1986-11-08";"FEMININO";"0";"(83)99149-3773";"58035-090";"JARDIM CAMBOINHA";"CABEDELO";"PB";"IEB INTERMARES";"SUPERVISOR";"SUPERVISOR";"NÃO SOU MEMBRO"
"ARTHUR DE ALBUQUERQUE VENTURA";"aventurajpb@gmail.com";"09/02/2005";"MASCULINO";"SOLTEIRO";"(83) 98145-1103";"58101-582";"POÇO";"CABEDELO";"PB";"IEB INTERMARES";"THIAGO / NATÁLIA";"AWAKE";"SOU MEMBRO"
"ENILDA BELARMINO DO NASCIMENTO";"";"1969-04-25";"MASCULINO";"CASADO";"(83) 98618-8185";"58103-472";"JARDIM MANGUINHOS";"CABEDELO";"PB";"IEB INTERMARES";"SEM CÉLULA";"SEM CÉLULA";"SOU MEMBRO"
"CRISTIANA BATISTA HARDMAN DE ATHAYDE";"aline.bezerra31@gmail.com";"1978-04-04";"FEMININO";"";"(83) 98660-8688";"58102-141";"CENTRO";"CANEDELO";"PB";"IEB Intermares";"BERNADETE / JAMILLY";"MAANAIM 2";""
"ALDA GLÓRIA FERREIRA DA SILVA";"";"0";"FEMININO";"CASADO";"0";"";"0";"0";"PB";"IEB INTERMARES";"ALDA";"A01";"SOU MEMBRO"
"SERGIO SOUZA DA SILVA";"";"25/07/1983";"MASCULINO";"CASADO";"(83) 99945-6191";"58103-376";"JARDIM BRASÍLIA";"CABEDELO";"PB";"IEB INTERMARES";"ANDERSON / SAMARA";"PORTO";"SOU MEMBRO"
"RENATA FERREIRA ROCHA DA COSTA";"costadouglaspb@gmail.com";"1985-02-22";"FEMININO";"";"(83) 99679-2423";"58101-640";"PONTA DE CAMPINA";"CABEDELO";"PB";"IEB Intermares";"SEM CÉLULA";"SEM CÉLULA";"SOU MEMBRO"
"ALBÉRICO CABRAL DE CARVALHO ";"";"03/07/1956";"MASCULINO";"CASADO";"83 999059585";"58102322";"INTERMARES";"CABEDELO";"PB";"IEB Intermares";"ALLAN / AILDA";"SHOFAR";"SOU MEMBRO"
"MARIA EDUARDA LEITE MELO";"dudaleitecl@gmail.com";"13/01/2004";"FEMININO";"SOLTEIRO";"(83) 99313-3394";"58034-050";"JOÃO AGRIPINO";"JOÃO PESSOA";"PB";"IEB INTERMARES";"GABRIEL / RAYZA";"PENIEL";"SOU MEMBRO"
"GENICE FEIJÓ MELO DA CUNHA";"";"25/01/1953";"FEMININO";"CASADO";"(11) 94868-8607";"58102-100";"INTERMARES";"CABEDELO";"PB";"IEB INTERMARES";"BELMIRO / MÔNICA";"LEÃO DE JUDÁ";"NÃO SOU MEMBRO"
"ADRIANA ALVES DA SILVA";"Adrianadeus70023@gmail.com";"14/03/1981";"FEMININO";"CASADO";"(83) 99819-1894";"58105-054";"RECANTO DO POÇO";"CABEDELO";"PB";"IEB INTERMARES";"GILBERTO / MARCIA";"AGUA VIVA 1";""
"DIEGO ALVES MAIA";"";"13/08/1988";"MASCULINO";"CASADO";"(83) 98797-8129";"58037-030";"JARDIM OCEANIA";"JOÃO PESSOA";"PB";"IEB INTERMARES";"CAIO / BIANCA";"RIO DO LEÃO";"SOU MEMBRO"
"LUCIANO DA SILVA OLIVEIRA ";"";"10/07/1991";"MASCULINO";"SOLTEIRO";"(83) 99988-5220";"58100-515";"PONTA DE MATOS";"CABEDELO";"PB";"IEB Intermares";"ALLAN / AILDA";"SHOFAR";"NÃO SOU MEMBRO"
"CASSANDRA ANSELMO DE SOUZA ";"";"13/01/1980";"FEMININO";"SOLTEIRO";"(83) 98729-0008";"";"PONTA DE MATOS";"CABEDELO";"PB";"IEB Intermares";"ELIANE";"MAANAIM 1";"SOU MEMBRO"
"LUCAS SOUSA FONSECA";"Lucasfonsecatst@gmail.com";"17/09/1993";"MASCULINO";"CASADO";"(83) 99645-1624";"58100-432";"SANTA CATARINA";"CABEDELO";"PB";"IEB INTERMARES";"ANDERSON / SAMARA";"PORTO";"NÃO SOU MEMBRO"
"ANDRE GALVÂO NUNES";"neon.andregalvao@gmail.com";"03/04/1987";"MASCULINO";"SOLTEIRO";"(83) 99886-0404";"58102-028";"INTERMARES";"CABEDELO";"PB";"IEB INTERMARES";"BELMIRO / MÔNICA";"LEÃO DE JUDÁ";"SOU MEMBRO"
"MORIS ALBERT COSTA CIRNE";"";"1985-04-01";"MASCULINO";"0";"83981292570";"";"AEROCLUBE";"JOÃO PESSOA";"PB";"IEB INTERMARES";"GUTEMBERG / ELAINE";"ATOS 2";"NÃO SOU MEMBRO"
"RAFAEL MAIA DOS SANTOS";"";"04/03/2020";"MASCULINO";"SOLTEIRO";"";"";"";"";"";"IEB INTERMARES";"RAQUEL / ADEILDES";"VENCEDORES";"NÃO SOU MEMBRO"
"WENDILLY CRISTINE DA SILVA LIMA";"wendillylima82@gmail.com";"07/03/2009";"FEMININO";"";"(83) 99373-7125";"58103-002";"CAMALAÚ";"CABEDELO";"PB";"IEB INTERMARES";"ADRIANA / KENEDY";"AGUA VIVA 2";"NÃO SOU MEMBRO"
"MARIA CLARA MAXMINO SOUZA";"";"2010-06-11";"FEMININO";"SOLTEIRO";"(83) 99632-8288";"58103-554";"JARDIM MANGUINHOS";"CABEDELO";"PB";"";"SEM CÉLULA";"SEM CÉLULA";"NÃO SOU MEMBRO"
"HELLISSON SILVA DE ABREU";"hellissonabreu@gmail.com";"1982-09-20";"MASCULINO";"CASADO";"(83) 98825-9284";"58102-335";"INTERMARES";"CABEDELO";"PB";"IEB INTERMARES";"HELLISSON / CHARLENE";"ADONAI";"SOU MEMBRO"
"ROSÂNGELA SILVA DOS ANJOS RAMOS";"anjosrosangela91@gmail.com";"14/04/1969";"FEMININO";"CASADO";"(21) 97937-0609";"58045-110";"CABO BRANCO";"JOÃO PESSOA";"PB";"IEB INTERMARES";"CLÁUDIO / JAQUELINE";"AGAPE";"SOU MEMBRO"
"LIDIA FERNANDA DA COSTA OLIVEIRA MEDEIROS";"";"11/06/1986";"FEMININO";"CASADO";"(83) 99952-7254";"";"BRISAMAR";"JOÃO PESSOA";"PB";"IEB Intermares";"LEONARDO / LIDIA";"KAIROS";"SOU MEMBRO"
"JANAINA MARIA AZEVEDO  DE OLIVEIRA";"janainamao74@gmail.com";"14/04/1974";"FEMININO";"SOLTEIRO";"(83) 98209-0868";"58101-502";"POÇO";"CABEDELO";"PB";"IEB INTERMARES";"";"";"NÃO SOU MEMBRO"
"LOHANNY ABIMAELY RODRIGUES LUCAS";"";"22/09/2016";"";"";"(83) 99846-8234";"58103-671";"";"";"";"IEB Intermares";"MÁRCIA / GILBERTO";"AGUA VIVA KIDS";""
"CHRISTIAN MATEUS OLIVEIRA DE SOUZA ";"liviabruna008@gmail.com";"2002-05-28";"MASCULINO";"SOLTEIRO";"(61) 98665-7185";"";"INTERMARES";"CABEDELO";"PB";"IEB Intermares";"GABRIEL / RAYZA";"PENIEL";"NÃO SOU MEMBRO"
"ÁDRIA SANDRIELLY VIEIRA VENCESLAU";"vieiravenceslauadriasandrelly@gmail.com";"07/01/2026";"FEMININO";"SOLTEIRO";"(83) 99309-8768";"58103-718";"JARDIM CAMBOINHA";"CABEDELO";"PB";"IEB INTERMARES";"EMILLY / MARIA";"ÁGUA VIVA 4";"NÃO SOU MEMBRO"
"KAELEN DE MELO CARDOSO ";"";"02/10/2004";"FEMININO";"SOLTEIRO";"(83) 98748-5914";"58101-042";"MONTE CASTELO";"CABEDELO";"PB";"IEB Intermares";"SAMUEL / RAISSA";"MANÁ";"SOU MEMBRO"
"GERUSA MARIA FERREIRA DOS SANTOS ";"bia@hotmail.com";"1978-03-30";"FEMININO";"CASADO";"(83) 98887-1905";"58103-126";"CAMALAÚ";"CABEDELO";"PB";"IEB Intermares";"RAQUEL";"SHAMMAR";""
"DANIEL ALVES MAIA";"aliceblmaia@gmail.com";"23/05/2021";"MASCULINO";"SOLTEIRO";"(83) 99894-8888";"58037-030";"JARDIM OCEANIA";"JOÃO PESSOA";"PB";"IEB INTERMARES";"RAQUEL / ADEILDES";"VENCEDORES";"SOU MEMBRO"
"GABRIEL MARQUES BRAZ ";"";"2007-12-09";"MASCULINO";"SOLTEIRO";"(83) 98821-6523";"";"PONTA DE CAMPINA ";"CABEDELO";"PB";"IEB Intermares";"CLOVIS / LÍVIA";"ROCKS";"SOU MEMBRO"
"THIAGO DIAS DE SOUSA";"thiagoidms@gmail.com";"1988-07-05";"MASCULINO";"CASADO";"(83) 99636-3636";"58102-316";"INTERMARES";"CABEDELO";"PB";"IEB INTERMARES";"THIAGO / NATHALIA";"TN01";"SOU MEMBRO"
"WESLEY GUSTAVO FERREIRA  SILVA";"jf3292386@gmail.com";"15/09/2014";"MASCULINO";"SOLTEIRO";"83 8674-4175";"58103-775";"JARDIM CAMBOINHA";"CABEDELO";"PB";"IEB INTERMARES";"RUBENS / ISAC";"AGUA VIVA 3";"SOU MEMBRO"
"ESTEFANI FERREIRA DA SILVA CACERES";"estefanifsilva@hotmail.com";"20/05/1994";"FEMININO";"CASADO";"(67) 99831-6260";"58102-335";"INTERMARES";"CABEDELO";"PB";"IEB INTERMARES";"RHODNEY / KAREN";"YAHWEH";"SOU MEMBRO"
"VICTOR HUGO SAATKAMP";"saatkamp10@gmail.com";"1995-09-26";"MASCULINO";"SOLTEIRO";"(83) 98106-1995";"58035-105";"BESSA";"JOÃO PESSOA";"PB";"IEB INTERMARES";"ERIVALDO / LUCÍOLA";"HAGIOS";"NÃO SOU MEMBRO"
"SALVILINA CAVALCANTE PEREIRA";"salvilinacavalcante@gmail.com";"13/02/1972";"FEMININO";"CASADO";"(81) 99532-5909";"58102-091";"INTERMARES";"CABEDELO";"PB";"IEB INTERMARES";"LINDEMBERG / ADRIANA / LUCIENE";"IDE";""
"MÔNICA NUNES MOREIRA ";"bia@hotmail.com";"1982-06-30";"FEMININO";"CASADO";"(83) 99156-8657";"58100-645";"PONTA DE MATOS";"CABEDELO";"PB";"IEB Intermares";"SEM CÉLULA";"SEM CÉLULA";"SOU MEMBRO"
"BELMIRO MAMEDE DA SILVA NETO";"belbelmirom@hotmail.com";"20/07/1967";"MASCULINO";"CASADO";"(83) 99368-4858";"58101-714";"PONTA DE CAMPINA";"CABEDELO";"PB";"IEB INTERMARES";"BELMIRO / MÔNICA";"LEÃO DE JUDÁ";"SOU MEMBRO"
"BEATRIZ DE ARAÚJO CASTRO";"beatrizdearaujocastro@gmail.com";"1992-09-10";"";"CASADO";"(83) 99869-1671";"58102-131";"INTERMARES";"CABEDELO";"PB";"IEB INTERMARES";"SEM CÉLULA";"SEM CÉLULA";"SOU MEMBRO"
"ROSSANA FERREIRA DE SOUZA";"fionafloratta@gmail.com";"1973-08-08";"";"";"(83) 99615-1545";"58102-082";"INTERMARES";"CABEDELO";"PB";"IEB INTERMARES";"SEM CÉLULA";"SEM CÉLULA";"SOU MEMBRO"
"CAMILE OLIVEIRA PRATES";"grazzilela@hotmail.com";"04/04/2012";"FEMININO";"SOLTEIRO";"(63) 99205-0979";"58102-156";"INTERMARES";"CABEDELO";"PB";"IEB INTERMARES";"REBEKAH / MONIQUE";"CHOSEN";"SOU MEMBRO"
"SUELLEN DOS SANTOS GOMES ";"";"02/12/1999";"";"SOLTEIRO";"(83) 97862-1558";"";"CENTRO ";"CABEDELO ";"PB";"IEB Intermares";"SAMUEL / RAISSA";"MANÁ";"SOU MEMBRO"
"VLADSON LOPES CACERES";"vladsoncaceres@gmail.com";"26/06/1993";"MASCULINO";"";"(67) 99245-6639";"58035-320";"BESSA";"JOÃO PESSOA";"PB";"IEB INTERMARES";"RHODNEY / KAREN";"YAHWEH";""
"MARIA LAURA ABILIO ";"";"05/08/2007";"FEMININO";"SOLTEIRO";"(83) 99894-5054";"";"INTERMARES";"CABEDELO ";"PB";"IEB Intermares";"JOHN / KAMYLLE";"DYNAMUS";"NÃO SOU MEMBRO"
"SOLANGE MARIA DA SILVA";"solage01@hotmail.com";"20/01/1974";"FEMININO";"SOLTEIRO";"(83) 98722-333";"58102-051";"INTERMARES";"CABEDELO";"PB";"IEB INTERMARES";"SIMONE";"S01";"SOU MEMBRO"
"MATHEUS HENRIQUE MEIRELES DE ALMEIDA SILVA";"mathsmeireles@gmail.com";"09/02/2003";"MASCULINO";"SOLTEIRO";"(83) 99118-5620";"58103-171";"CAMALAÚ";"CABEDELO";"PB";"IEB INTERMARES";"THIAGO / NATÁLIA";"AWAKE";"SOU MEMBRO"
"RAFAEL PERES COCKELL";"";"2008-01-11";"MASCULINO";"SOLTEIRO";"(84) 91561-818";"58101-530";"POÇO";"CABEDELO";"PB";"IEB INTERMARES";"CLOVIS / LÍVIA";"ROCKS";"NÃO SOU MEMBRO"
"ERINALDO INÁCIO DA SILVA";"";"2000-01-01";"MASCULINO";"";"83988881474";"";"AREIA DOURADA";"CABEDELO";"PB";"IEB INTERMARES";"CAVALCANTE / CONCEIÇÃO";"VINDE A MIM";"NÃO SOU MEMBRO"
"SEVERINO SANTOS DA SILVA";"";"08/12/1966";"MASCULINO";"CASADO";"(83) 99329-2421";"58102-322";"INTERMARES";"CABEDELO";"PB";"IEB INTERMARES";"ALDA";"A01";"SOU MEMBRO"
"DJAIR VICENTE FERREIRA";"";"0";"MASCULINO";"0";"83986233126";"";"ROGER";"JOÃO PESSOA";"PB";"IEB INTERMARES";"LINDEMBERG / ADRIANA / LUCIENE";"IDE";"SOU MEMBRO"
"NATHALIA MARQUES SANTOS";"kariline_martins@hotmail.com";"1989-05-21";"FEMININO";"SOLTEIRO";"(83) 99925-2961";"58101-472";"PONTA DE CAMPINA";"CABEDELO";"PB";"IEB Intermares";"SEM CÉLULA";"SEM CÉLULA";"SOU MEMBRO"
"KARILINE MARTINS DE FRANÇA";"kariline_martins@hotmail.com";"1994-04-16";"FEMININO";"CASADO";"(83) 99836-2677";"58101-472";"POÇO";"CABEDELO";"PB";"IEB INTERMARES";"ARTHUR / LORENA";"AL01";"SOU MEMBRO"
"LUCIANO JOSÉ BEZERRA DA SILVA";"lujobez@gmail.com";"1968-07-09";"MASCULINO";"CASADO";"(83) 99801-1501";"58035-090";"BESSA";"JOÃO PESSOA";"PB";"IEB Intermares";"SEM CÉLULA";"SEM CÉLULA";"SOU MEMBRO"
"NILMA DE SOUZA DANTAS ";"sarafernandes@gmai.com";"1969-12-21";"FEMININO";"SOLTEIRO";"(83) 98102-2223";"58101-700";"MARIA RAMOS CARVALHO 109";"CABEDELO";"PB";"IEB Intermares";"MARIA / NILMA";"MN01";"SOU MEMBRO"
"MARIA DE FATIMA FERREIRA ROCHA";"costadouglaspb@gmail.com";"1954-08-31";"FEMININO";"CASADO";"(83) 99679-2423";"58101-640";"PONTA DE CAMPINA";"CABEDELO";"PB";"IEB Intermares";"SEM CÉLULA";"SEM CÉLULA";"SOU MEMBRO"
"MANUEL ALBERTO DA SILVA MATOS JÚNIOR";"eraldotavares649@gmail.com";"1978-05-11";"MASCULINO";"CASADO";"(83) 98835-6884";"58102-120";"POÇO ";"CABEDELO ";"PB";"IEB Intermares";"RICARDO / ROSANE";"KADOSH";"SOU MEMBRO"
"EMILLY DORNELAS RIBEIRO";"emillydornelas@live.com";"04/10/1993";"FEMININO";"CASADO";"(83) 98833-6978";"58103-689";"JARDIM CAMBOINHA";"CABEDELO";"PB";"IEB INTERMARES";"ARTHUR / LORENA";"AL01";"SOU MEMBRO"
"KENEDY RIBEIRO DOS SANTOS";"";"12/10/2008";"MASCULINO";"SOLTEIRO";"(83) 96354-914";"58102680";"JARDIM AMÉRICA";"CABEDELO";"PB";"IEB Intermares";"ADRIANA / KENEDY";"AGUA VIVA 2";"SOU MEMBRO"
"ADELACIR DO NASCIMENTO MONTEIRO";"an.monteiro@yahoo.com.br";"09/09/1956";"MASCULINO";"SOLTEIRO";"(83) 99139-8550";"58102-222";"INTERMARES";"CABEDELO";"PB";"IEB INTERMARES";"JAIRO / ROSANA";"MORIAH";"SOU MEMBRO"
"ELISA NEVES DE FIGUEREDO PESSOA";"";"06/01/2013";"FEMININO";"SOLTEIRO";"0";"";"0";"CABEDELO";"PB";"IEB INTERMARES";"ANA / AMANDA";"FREEDOM";"NÃO SOU MEMBRO"
"⁠DAVI MARTIMIANI PASCARELLI";"";"2009-03-02";"MASCULINO";"SOLTEIRO";"(83) 99613-6065";"";"JARDIM OCEANIA ";"JOÃO PESSOA";"PB";"IEB INTERMARES";"THIAGO / NATÁLIA";"AWAKE";"SOU MEMBRO"
"BRUNO MEIRELES DOS SANTOS";"brunomeireles@hotmail.com";"17/03/1997";"MASCULINO";"SOLTEIRO";"(83) 98160-4281";"58102-151";"INTERMARES";"CABEDELO";"PB";"IEB INTERMARES";"SIMONE";"S01";"NÃO SOU MEMBRO"
"FABIANA PEREIRA DE ASSIS ";"";"1978-02-03";"FEMININO";"CASADO";"(83) 98864-8335";"";"CAMALAU ";"CABEDELO ";"PB";"IEB Intermares";"SEM CÉLULA";"SEM CÉLULA";""
"TASIANY CAVALCANTE DO NASCIMENTO VASCONCELOS";"parasempretasy@gmail.com";"05/04/1990";"FEMININO";"CASADO";"(83) 98686-4695";"58103-315";"JARDIM BRASÍLIA";"CABEDELO";"PB";"IEB INTERMARES";"FÁBIO / EDNALVA";"MANANCIAL";""
"BRENO COSTA DOS SANTOS ";"liviabruna008@gmail.com";"2002-01-12";"MASCULINO";"SOLTEIRO";"(83) 99192-9538";"58101-472";"POÇO";"CABEDELO";"PB";"IEB Intermares";"SEM CÉLULA";"SEM CÉLULA";"NÃO SOU MEMBRO"
"VINICIUS JUNQUEIRA LEONEL";"";"10/08/1998";"MASCULINO";"CASADO";"(67) 99225-5690";"58035-340";"BESSA";"JOÃO PESSOA";"PB";"IEB Intermares";"SAULO / ERIKA";"ATALAIA";"SOU MEMBRO"
"MARIA LETICIA PEREIRA BATISTA";"marialeticiaapb@gmail.com";"30/04/2002";"FEMININO";"SOLTEIRO";"(83) 98830-1430";"58040-040";"TORRE";"JOÃO PESSOA";"PB";"IEB INTERMARES";"THIAGO / NATÁLIA";"AWAKE";"NÃO SOU MEMBRO"
"CHRISTIAN AVELINO ARAÚJO";"";"26/04/2012";"MASCULINO";"SOLTEIRO";"8399953800";"";"INTERMARES";"CABEDELO";"PB";"IEB INTERMARES";"GUILHERME / MIGUEL / FILIPE";"FREEDOM BOYS";"NÃO SOU MEMBRO"
"JOYCE TERTO DE MEDEIROS";"";"07/07/1978";"FEMININO";"SOLTEIRO";"83991092715";"";"INTERMARES";"CABEDELO";"PB";"IEB INTERMARES";"PATRÍCIA";"ATOS 1";"NÃO SOU MEMBRO"
"CAMILLA ROCHA ROLIM";"camillarolim10@hotmail.com";"2000-08-31";"FEMININO";"SOLTEIRO";"(83) 98641-5253";"58035-170";"BESSA";"JOÃO PESSOA";"PB";"IEB INTERMARES";"JOAO / SHIRLEY";"JS01";"SOU MEMBRO"
"ISAQUE LUCAS SALES DE SOUZA";"nazisales100@gmail.com";"15/08/2015";"MASCULINO";"SOLTEIRO";"(83) 98871-6466";"58102-322";"INTERMARES";"CABEDELO";"PB";"IEB INTERMARES";"ANDREIA / VANDERLEI";"FLECHAS DO SENHOR 1";"SOU MEMBRO"
"LEDA ISABEL LIRA DE SOUZA GUIMARÃES ";"eraldotavares649@gmail.com";"1982-07-11";"FEMININO";"";"(83) 99631-0803";"58102-120";"PONTA DE CAMPINA ";"CABEDELO";"PB";"IEB Intermares";"RICARDO / ROSANE";"KADOSH";"SOU MEMBRO"
"DAVI GOMES RODRIGUES";"davi.gomes.4b@gmail.com";"2011-06-19";"MASCULINO";"SOLTEIRO";"(83) 98723-8568";"58102-316";"INTERMARES";"CABEDELO";"PB";"IEB INTERMARES";"JOHN / SAYMON / LUCAS";"OVERFLOW";"NÃO SOU MEMBRO"
"JAIRO MOISÉS SPERB ";"";"27/01/1961";"MASCULINO";"";"(83) 99985-7166";"58102-222";"INTERMARES";"CABEDELO";"PB";"IEB Intermares";"JAIRO / ROSANA";"MORIAH";"SOU MEMBRO"
"MARCELO MAURÍCIO LIMA GUIMARÃES ";"eraldotavares649@gmail.com";"1979-01-18";"MASCULINO";"CASADO";"(83) 99900-2490";"58102-120";"PONTA DE CAMPINA ";"CABEDELO ";"PB";"IEB Intermares";"RICARDO / ROSANE";"KADOSH";"SOU MEMBRO"
"CARLOS JOSÉ VIEIRA VIDAL";"";"15/11/1975";"MASCULINO";"CASADO";"(22) 98810-9636";"58100-168";"CENTRO";"CABEDELO";"PB";"IEB Intermares";"FERNANDES / ZELÂNDIA";"ATOS 3";"SOU MEMBRO"
"UMBERTO VIANA DUTRA DE OLIVEIRA";"";"13/04/1999";"MASCULINO";"CASADO";"(22) 98156-2580";"";"MANDACARU ";"JOÃO PESSOA ";"PB";"IEB INTERMARES";"GABRIEL / RAYZA";"PENIEL";"SOU MEMBRO"
"BIANCA LIGIA NASCIMENTO MELO";"";"21/11/1991";"FEMININO";"CASADO";"(83) 99906-1100";"58037-205";"JARDIM OCEANIA";"JOÃO PESSOA";"PB";"IEB INTERMARES";"CAIO / BIANCA";"RIO DO LEÃO";"SOU MEMBRO"
"ELAINE CRISTINA MEDEIROS CRUZ";"elainecmcruz@gmail.com";"06/03/1981";"FEMININO";"";"83991406988";"58037-030";"JARDIM OCEANIA";"JOÃO PESSOA";"PB";"IEB INTERMARES";"GUTEMBERG / ELAINE";"ATOS 2";"NÃO SOU MEMBRO"
"JOÃO LUCAS MEDEIROS SOARES";"";"2010-03-04";"MASCULINO";"SOLTEIRO";"0";"";"0";"CABEDELO";"PB";"IEB INTERMARES";"CLOVIS / LÍVIA";"ROCKS";"NÃO SOU MEMBRO"
"ANA CLARA SANTOS CAVALCANTE";"anaclarasc05@gmail.com";"1990-05-30";"FEMININO";"CASADO";"(83) 98724-790";"58102-023";"INTERMARES";"CABEDELO";"PB";"IEB INTERMARES";"CAVALCANTE / CONCEIÇÃO";"VINDE A MIM";"NÃO SOU MEMBRO"
"JAMILLY FERREIRA CAVALCANTE ";"aline.bezerra31@gmail.com";"1983-07-16";"FEMININO";"SOLTEIRO";"(83) 98840-7005";"58102-141";"CAMALAÚ ";"CABEDELO ";"PB";"IEB Intermares";"BERNADETE / JAMILLY";"MAANAIM 2";"0"
"ALLAN FIGUEIREDO FORMIGA";"";"15/09/1971";"MASCULINO";"CASADO";"(83) 99652-5975";"58102-322";"INTERMARES";"CABEDELO";"PB";"IEB Intermares";"ALLAN / AILDA";"SHOFAR";"SOU MEMBRO"
"ARTHUR MIGUEL DOS SANTOS";"";"2007-01-31";"MASCULINO";"SOLTEIRO";"(61) 86471-874";"";"MAR DO CARIBE ";"CABEDELO ";"PB";"IEB INTERMARES";"JOHN / SAYMON / LUCAS";"OVERFLOW";"SOU MEMBRO"
"PEDRO HENRIQUE LEANDRO CARNEIRO DE LIMA";"";"1996-09-16";"MASCULINO";"CASADO";"(83) 99890-3459";"";"INTERMARES";"CABEDELO";"PB";"IEB INTERMARES";"THIAGO / NATHALIA";"TN01";"SOU MEMBRO"
"ROSALIBIA FERREIRA DA SILVA ";"";"10/01/1990";"FEMININO";"SOLTEIRO";"(83) 99887-1850";"58102-156";"INTERMARES";"CABEDELO";"PB";"IEB Intermares";"FABRÍCIO / NADJA";"SOL DA JUSTIÇA";"NÃO SOU MEMBRO"
"RODRIGO JOSÉ BARBOSA GOMES DE ANDRADE ";"";"20/07/1974";"MASCULINO";"CASADO";"(83) 99671-1263";"";"CENTRO ";"CABEDELO ";"PB";"IEB Intermares";"ELIANE";"MAANAIM 1";"SOU MEMBRO"
"LUCIANO LEAL WANDERLEY FILHO";"";"05/03/1965";"MASCULINO";"CASADO";"(83) 98771-1999";"58102-222";"INTERMARES";"CABEDELO";"PB";"IEB Intermares";"SAULO / ERIKA";"ATALAIA";"SOU MEMBRO"
"RAISSA BRUNA DE ANDRADE RODRIGUES ";"";"20/08/1987";"FEMININO";"CASADO";"(83) 98809-2150";"";"INTERMARES ";"CABEDELO";"PB";"IEB Intermares";"SAMUEL / RAISSA";"MANÁ";"SOU MEMBRO"
"LARA WEMILLY NOBREGA DE LUCENA";"wemilly.lara@hotmail.com";"1999-11-04";"FEMININO";"";"(83) 99616-4747";"58036-530";"AEROCLUBE";"JOÃO PESSOA";"PB";"IEB INTERMARES";"SEM CÉLULA";"SEM CÉLULA";""
"ITALO LACERDA GERVÁSIO";"joaopedrocirne@gmail.com";"2000-04-25";"MASCULINO";"SOLTEIRO";"(83) 99895-4324";"58106-022";"PONTA DE CAMPINA ";"CABEDELO ";"PB";"IEB Intermares";"ANDERSON / LAURISA";"EFATÁ";"SOU MEMBRO"
"ANTÔNIO CARLOS DE ASSIS ";"";"2024-06-18";"MASCULINO";"CASADO";"(83) 99862-3462";"";"CLETO CAMPELO ";"CABEDELO ";"PB";"IEB Intermares";"SEM CÉLULA";"SEM CÉLULA";"0"
"FERNANDA CRISTINA DE MOURA";"fer.moura2504@gmail.com";"1992-04-24";"FEMININO";"CASADO";"(49) 99933-6763";"58037-760";"JARDIM OCEANIA";"JOÃO PESSOA";"PB";"IEB INTERMARES";"CAVALCANTE / CONCEIÇÃO";"VINDE A MIM";"NÃO SOU MEMBRO"
"THIAGO FRANCISCO DA SILVA";"reginarcma@gmail.com";"1992-06-23";"MASCULINO";"CASADO";"(83) 98795-0647";"58102051";"INTERMARES ";"CABEDELO";"PB";"IEB Intermares";"SEM CÉLULA";"SEM CÉLULA";"SOU MEMBRO"
"SALOMÃO BERNARDO DA SILVA ";"";"14/08/1984";"MASCULINO";"CASADO";"(83) 98623-3737";"58101002";"MONTE CASTELO";"CABEDELO";"PB";"IEB Intermares";"ALLAN / AILDA";"SHOFAR";"SOU MEMBRO"
"SILVIO RAPHAEL ARAÚJO ROCHA";"";"2000-01-01";"MASCULINO";"0";"83998078000";"";"INTERMARES";"CABEDELO";"PB";"IEB INTERMARES";"SEM CÉLULA";"SEM CÉLULA";"SOU MEMBRO"
"ANTHONY RAFAEL ATAIDE DE SOUSA";"";"13/06/2018";"MASCULINO";"SOLTEIRO";"(83) 98706-4663";"58103-692";"JARDIM CAMBOINHA";"CABEDELO";"PB";"IEB INTERMARES";"VANDERLEI / ANDRÉA";"FLECHAS DO SENHOR 1";"SOU MEMBRO"
"ESMERALDA ALVES DUARTE";"velososilva.marcia69@gmail.com";"2013-05-09";"FEMININO";"SOLTEIRO";"";"58103-706";"JARDIM CAMBOINHA";"CABEDELO";"PB";"IEB INTERMARES";"EMILLY / MARIA";"ÁGUA VIVA 4";"NÃO SOU MEMBRO"
"NATÁLIA FIRME DINIZ";"nataliafirmediniz6@gmail.com";"06/02/2009";"FEMININO";"SOLTEIRO";"(83) 99124-5568";"58102-042";"INTERMARES";"CABEDELO";"PB";"IEB INTERMARES";"LÍVIA / NATÁLIA";"ZION GIRLS";"SOU MEMBRO"
"JOSE ANASTÁCIO DE SOUSA";"jose@gavip.com.br";"27/12/1964";"MASCULINO";"CASADO";"(11) 94151-5463";"58102-046";"INTERMARES";"CABEDELO";"PB";"IEB INTERMARES";"ALDA";"A01";"NÃO SOU MEMBRO"
"JORDANIA ANDRESSA BASTOS DE ATAIDE";"";"1993-09-10";"FEMININO";"SOLTEIRO";"(83) 98701-4149";"";"CAMALAÚ ";"CABEDELO ";"PB";"IEB INTERMARES";"SEM CÉLULA";"SEM CÉLULA";"NÃO SOU MEMBRO"
"ANA BEATRIZ ROCHA DINIZ";"";"28/07/2010";"FEMININO";"SOLTEIRO";"8396166365";"";"CRISTO REDENTOR";"JOÃO PESSOA";"PB";"IEB INTERMARES";"REBEKAH";"CHOSEN";"NÃO SOU MEMBRO"
"ISRAEL DE ANDRADE PEREIRA RODRIGUES";"";"2012-10-30";"MASCULINO";"SOLTEIRO";"(83)98765-3940";"";"INTERMARES";"CABEDELO";"PB";"IEB INTERMARES";"GUILHERME / MIGUEL / FILIPE";"FREEDOM BOYS";"NÃO SOU MEMBRO"
"PATRICIA ANSELMO DE SOUZA FERNANDES";"";"1975-11-10";"FEMININO";"CASADO";"(83) 98724-8347";"58101-160";"FORMOSA";"CABEDELO";"PB";"IEB INTERMARES";"SEM CÉLULA";"SEM CÉLULA";""
"FABRÍCIO ROMEIRO DE MENEZES ";"";"08/02/1969";"MASCULINO";"CASADO";"(83) 98885-0743";"58102-156";"INTERMARES";"CABEDELO";"PB";"IEB Intermares";"FABRÍCIO / NADJA";"SOL DA JUSTIÇA";"SOU MEMBRO"
"JOSENILDA LIMA BARBOSA ";"";"13/05/1973";"FEMININO";"CASADO";"(83) 98880-4297";"58100-263";"CENTRO";"CABEDELO";"PB";"IEB Intermares";"FERNANDES / ZELÂNDIA";"ATOS 3";"SOU MEMBRO"
"RAYZA OHANA BARBOSA DE LIMA MONTEIRO";"";"08/06/1999";"FEMININO";"CASADO";"(83) 99917-1025";"";"INTERMARES";"CABEDELO";"PB";"IEB Intermares";"GABRIEL / RAYZA";"PENIEL";"SOU MEMBRO"
"VANDERLEI PERBONI DOS SANTOS";"vanderleiperboni@hotmail.com";"03/05/1965";"MASCULINO";"CASADO";"(83) 99382-3758";"58102-252";"INTERMARES";"CABEDELO";"PB";"IEB INTERMARES";"SOU SUPERVISOR DE REDE";"FLECHAS DO SENHOR 1";"SOU MEMBRO"
"LIGIA CAVALCANTE DE ARAÚJO ";"";"1993-05-28";"FEMININO";"CASADO";"(83) 99122-7126";"";"BESSA ";"JOÃO PESSOA ";"PB";"IEB Intermares";"THIAGO / NATHALIA";"TN01";"SOU MEMBRO"
"PAULA CAMILA DE LUNA FREIRE";"paulafreire.psicologia@gmail.com";"1982-04-08";"FEMININO";"SOLTEIRO";"(83) 98747-4266";"58102-100";"INTERMARES";"CABEDELO";"PB";"IEB INTERMARES";"THIAGO / NATHALIA";"TN01";"NÃO SOU MEMBRO"
"MARCELA LIRA DE DE SOUZA GUIMARÃES";"";"07/11/2011";"FEMININO";"SOLTEIRO";"(83)99630-4700";"";"0";"CABEDELO";"PB";"IEB INTERMARES";"REBEKAH / MONIQUE";"CHOSEN";"NÃO SOU MEMBRO"
"MARIANA LETICIA MAMEDE PERRUSI";"";"1994-12-13";"FEMININO";"CASADO";"(83) 99121-8782";"";"INTERMARES";"CABEDELO";"PB";"IEB INTERMARES";"GUSTAVO / MARIANA";"HEAVEN";"SOU MEMBRO"
"ANDERSON SOUZA DA SILVA ";"";"18/09/1989";"MASCULINO";"CASADO";"(83) 98778-5982";"";"AREIA DOURADA ";"CABEDELO";"PB";"IEB Intermares";"ANDERSON / SAMARA";"PORTO";"SOU MEMBRO"
"KIVIA DE CASTRO ZAMPIERI";"";"11/10/2000";"FEMININO";"SOLTEIRO";"(83) 99949-5893";"";"PONTA DE MATOS";"CABEDELO";"PB";"IEB Intermares";"GABRIEL / REBECCA";"ZOE";"SOU MEMBRO"
"GABRIEL SILVESTRE DA FONSECA ARRAIS";"gabrielsilvestre.7@hotmail.com";"22/06/1994";"MASCULINO";"CASADO";"(83) 99639-5839";"58100-233";"CENTRO";"CABEDELO";"PB";"IEB VILA FELIZ";"GABRIEL / BARBARA";"ATOS 6";"SOU MEMBRO"
"LETÍCIA DE MENEZES RODRIGUES";"";"2015-06-28";"FEMININO";"SOLTEIRO";"(83) 98729-1268";"58078-340";"FUNCIONÁRIOS";"JOÃO PESSOA";"PB";"IEB INTERMARES";"ANA / AMANDA";"FREEDOM";"SOU MEMBRO"
"JOSELIA AGRIPINO COSTA";"";"24/02/1964";"FEMININO";"SOLTEIRO";"(83) 99971-6899";"58035-080";"BESSA";"JOÃO PESSOA";"PB";"IEB INTERMARES";"GUTEMBERG / ELAINE";"ATOS 2";"SOU MEMBRO"
"LETÍCIA NUNES DE SOUZA";"";"2002-07-03";"FEMININO";"SOLTEIRO";"(83) 99850-1213";"";"INTERMARES";"CABEDELO";"PB";"IEB Intermares";"GABRIEL / RAYZA";"PENIEL";"SOU MEMBRO"
"LEONARDO ALVES DE SOUSA MEDEIROS ";"";"04/07/1986";"MASCULINO";"CASADO";"(83) 99813-6119";"";"BRISAMAR";"JOÃO PESSOA";"PB";"IEB Intermares";"LEONARDO / LIDIA";"KAIROS";"SOU MEMBRO"
"MARA SANTOS DE SOUSA";"marasantosdesousa@gmail.com";"26/12/1964";"FEMININO";"CASADO";"(11) 98740-4106";"58102-046";"INTERMARES";"CABEDELO";"PB";"IEB INTERMARES";"ALDA";"A01";"NÃO SOU MEMBRO"
"ANDRE MACHADO SOARES";"soares_1998@hotmail.com";"04/03/1975";"MASCULINO";"CASADO";"(83) 99863-5028";"58102-046";"INTERMARES";"CABEDELO";"PB";"IEB INTERMARES";"SOU COORDENADOR DE REDE";"SOU COORDENADOR DE REDE";"SOU MEMBRO"
"JUAN VICTOR DO NASCIMENTO FERREIRA DA SILVA";"victorjuan4724@gmail.com";"2000-10-15";"MASCULINO";"SOLTEIRO";"(83) 99998-6502";"58103-077";"CAMALAÚ";"CABEDELO";"PB";"IEB INTERMARES";"AIRTON / EMÍLIA";"HEAVEN";"SOU MEMBRO"
"AMANDA PONTES DA COSTA MATOS";"";"2008-01-19";"FEMININO";"SOLTEIRO";"(83) 99956-4005";"58101-540";"POÇO";"CABEDELO";"PB";"IEB INTERMARES";"EDUARDO / NICOLLY";"EN01";"SOU MEMBRO"
"ELIZAMA RAISSA DA SILVA";"alimaguimaraes@hotmail.com";"1995-05-23";"FEMININO";"CASADO";"(83) 98121-5300";"58041-070";"INTERMARES";"CABEDELO";"PB";"IEB Intermares";"SEM CÉLULA";"SEM CÉLULA";"SOU MEMBRO"
"GILBERTO SILVA";"";"26/06/1965";"MASCULINO";"CASADO";"(83) 98844-6252";"58103-718";"JARDIM CAMBOINHA";"CABEDELO";"PB";"IEB Intermares";"GILBERTO / MARCIA";"AGUA VIVA 1";""
"JULIANA MUNIZ DE SOUZA";"jumunizfisio@hotmail.com";"06/03/1978";"FEMININO";"SOLTEIRO";"(83) 99155-6633";"58102-110";"INTERMARES";"CABEDELO";"PB";"IEB INTERMARES";"PATRÍCIA";"ATOS 1";"SOU MEMBRO"
"ROLF KRAUSE";"rolf.rause.rolli@gmail.com";"29/06/1954";"MASCULINO";"CASADO";"(83) 99910-7712";"58102-046";"INTERMARES";"CABEDELO";"PB";"IEB INTERMARES";"JAIRO / ROSANA";"MORIAH";"SOU MEMBRO"
"EDNILCE ROCHA MENDONÇA";"ednilcerochamendoca62@gmail.com";"1962-08-08";"FEMININO";"SOLTEIRO";"(83) 98820-0436";"58031-080";"PEDRO GONDIM";"JOÃO PESSOA";"PB";"IEB INTERMARES";"SEM CÉLULA";"SEM CÉLULA";"SOU MEMBRO"
"NICOLE LAÍS DA SILVA CARDOSO";"";"2007-03-15";"FEMININO";"SOLTEIRO";"(83) 98651-2374";"";"VISTA DOURADA ";"CABEDELO";"PB";"IEB INTERMARES";"SEM CÉLULA";"SEM CÉLULA";"NÃO SOU MEMBRO"
"MARIA RITA SOUSA DA CONCEIÇÃO";"adri.nelson@hotmail.com";"24/05/2016";"FEMININO";"SOLTEIRO";"(83) 98655-9400";"58102-322";"INTERMARES";"CABEDELO";"PB";"IEB INTERMARES";"ANDREIA / VANDERLEI";"FLECHAS DO SENHOR 1";"SOU MEMBRO"
"VICTOR GAUDENCIO DA COSTA";"";"1996-07-15";"MASCULINO";"SOLTEIRO";"(83) 99922-3389";"";"CIDADE JARDIM UNIVERSITÁRIA";"JOÃO PESSOA ";"PB";"IEB Intermares";"GABRIEL / RAYZA";"PENIEL";"SOU MEMBRO"
"EMERSON DA SILVA SOUSA";"emersondudamel10@gmail.com";"08/10/1979";"MASCULINO";"CASADO";"(83) 99834-3270";"58100-195";"CENTRO";"CABEDELO";"PB";"IEB INTERMARES";"WALTER / JESSYKA";"FONTE";"SOU MEMBRO"
"RITA SALVANE V SANTOS WANDERLEY";"";"20/11/1976";"FEMININO";"CASADO";"(83) 98762-2190";"58102-222";"INTERMARES";"CABEDELO";"PB";"IEB Intermares";"SAULO / ERIKA";"ATALAIA";"SOU MEMBRO"
"MARIA ELIANE CHAVES DE OLIVEIRA ";"";"18/06/1963";"FEMININO";"CASADO";"(83) 99696-8023";"";"INTERMARES ";"CABEDELO ";"PB";"IEB Intermares";"ELIANE";"MAANAIM 1";"SOU MEMBRO"
"EDUARDA RICARDA SILVA BORBUREMA";"";"06/04/1993";"FEMININO";"CASADO";"(83) 99844-4102";"";"CENTRO ";"CABEDELO ";"PB";"IEB INTERMARES";"ARTHUR / LORENA";"AL01";"SOU MEMBRO"
"GIOVANNA LIMA DOS SAN QUEIROZ";"giovanna99lima@gmail.com";"1999-08-16";"FEMININO";"CASADO";"(63) 98493-8657";"58035-040";"BESSA";"JOÃO PESSOA";"PB";"IEB INTERMARES";"GUSTAVO / MARIANA";"HEAVEN";"SOU MEMBRO"
"ANA BEATRYZ SANTOS";"sbeatryz07@gmail.com";"24/04/2003";"FEMININO";"SOLTEIRO";"(82) 99635-6246";"58102-046";"INTERMARES";"CABEDELO";"PB";"IEB INTERMARES";"EVELLYN / FERNANDA";"EF01";"NÃO SOU MEMBRO"
"JOSE ANTONIO GONÇALVES DA SILVA";"dh0731758@gmail.com";"16/01/1993";"MASCULINO";"CASADO";"(83) 98697-3719";"58102-162";"INTERMARES";"CABEDELO";"PB";"IEB INTERMARES";"BELMIRO / MÔNICA";"LEÃO DE JUDÁ";"NÃO SOU MEMBRO"
"FERNANDA PONTES DA COSTA MATOS ";"eraldotavares649@gmail.com";"1980-10-29";"FEMININO";"CASADO";"(83) 98825-3536";"58102-120";"PRAIA DO POÇO ";"CABEDELO ";"PB";"IEB Intermares";"RICARDO / ROSANE";"KADOSH";"SOU MEMBRO"
"ANNA SARAH FERREIRA SANTIAGO";"rebeccalins17@gmail.com";"2001-10-11";"FEMININO";"SOLTEIRO";"(83) 99827-7771";"";"MIRAMAR ";"JOÃO PESSOA ";"PB";"IEB Intermares";"THIAGO / NATÁLIA";"AWAKE";"SOU MEMBRO"
"RAYANE CALLINE SILVA DE BRITO";"rayanecalline19@gmail.com";"2005-06-23";"FEMININO";"SOLTEIRO";"(83) 99677-1645";"58105-576";"JACARÉ";"CABEDELO";"PB";"IEB INTERMARES";"FLÁVIO / LIVYA";"MARANATA";"SOU MEMBRO"
"ANA LUIZA DA SILVA BRITO";"";"2025-05-18";"FEMININO";"SOLTEIRO";"(83) 91477-949";"58103775 ";"JARDIM CAMBOINHA";"CABEDELO";"PB";"IEB Intermares";"EMILLY / MARIA";"ÁGUA VIVA 4";"NÃO SOU MEMBRO"
"LUIZ PIETRO SILVA DORNELAS";"luizpdornelas@gmail.com";"30/06/2009";"MASCULINO";"SOLTEIRO";"(83) 99110-5877";"58100-195";"CENTRO";"CABEDELO";"PB";"IEB INTERMARES";"ADRIANA / KENEDY";"AGUA VIVA 2";"NÃO SOU MEMBRO"
"ADIEL FERRER FREIRE";"";"0";"MASCULINO";"0";"83988663113";"";"MIRAMAR";"JOÃO PESSOA";"PB";"IEB INTERMARES";"ROGÉRIO / LUCIÉLLEN";"AVIVAMENTO";"SOU MEMBRO"
"JOAO PAULO BOTELHO DE SANTANA";"jpsantana3026@gmail.com";"";"MASCULINO";"CASADO";"(83) 98208-4328";"58103-718";"JARDIM CAMBOINHA";"CABEDELO";"PB";"IEB INTERMARES";"JOAO / SHIRLEY";"JS01";"SOU MEMBRO"
"ANDRÉ RICARDO FERREIRA MAGALHÃES";"";"13/05/1971";"MASCULINO";"";"81996591730";"";"JARDIM CIDADE UNIVERSITÁRIA";"JOÃO PESSOA";"PB";"IEB INTERMARES";"ALDA";"A01";"NÃO SOU MEMBRO"
"DELVACI NUNES DA SILVA PEREIRA DE CARVALHO ";"";"1962-12-30";"FEMININO";"CASADO";"(11) 98450-7336";"";"0";"0";"PB";"IEB Intermares";"SEM CÉLULA";"SEM CÉLULA";"SOU MEMBRO"
"RUBENS JOÃO DA SILVA FILHO";"rubensj001@gmail.com";"22/09/2008";"MASCULINO";"SOLTEIRO";"(83) 99604-9021";"58103-775";"JARDIM CAMBOINHA";"CABEDELO";"PB";"IEB INTERMARES";"RUBENS / ISAC";"AGUA VIVA 3";"SOU MEMBRO"
"ANA MARIA MORAES FONSECA DE SOUZA";"";"2001-02-08";"FEMININO";"SOLTEIRO";"(83) 99827-5320";"";"INTERMARES";"CABEDELO";"PB";"IEB Intermares";"SEM CÉLULA";"SEM CÉLULA";"SOU MEMBRO"
"ALINE DA SILVEIRA DINIZ";"allnnediniz39@gmail.com";"11/05/1986";"FEMININO";"SOLTEIRO";"(83) 99382-3744";"58103-718";"JARDIM CAMBOINHA";"CABEDELO";"PB";"IEB INTERMARES";"GILBERTO / MARCIA";"AGUA VIVA 1";"SOU MEMBRO"
"ALLAN FÁBIO TAVARES MEDEIROS DE FARIAS";"";"1983-09-22";"MASCULINO";"CASADO";"(83) 98670-2473";"58038-420";"MANAÍRA";"JOÃO PESSOA";"PB";"IEB INTERMARES";"SEM CÉLULA";"SEM CÉLULA";"SOU MEMBRO"
"HENRY WALYSSON BUBÉ DE ARAÚJO EVANGELISTA";"";"2010-03-14";"MASCULINO";"SOLTEIRO";"(83) 99226-962";"58102-236";"INTERMARES";"CABEDELO";"PB";"IEB INTERMARES";"CLOVIS / LÍVIA";"ROCKS";""
"BENJAMIN GABRIEL NUNES MOREIRA";"";"12/09/2011";"MASCULINO";"SOLTEIRO";"(83)98765-3940";"";"PONTA DE MATOS";"CABEDELO";"PB";"IEB INTERMARES";"REBEKAH";"CHOSEN";"NÃO SOU MEMBRO"
"GILMARA CUNHA DO NASCIMENTO";"gilmaracunha28@gmail.com";"21/01/1978";"FEMININO";"SOLTEIRO";"(83) 98787-7588";"58100-195";"CENTRO";"CABEDELO";"PB";"IEB VILA FELIZ";"GABRIEL / BARBARA";"ATOS 6";"NÃO SOU MEMBRO"
"ROBERTO RIBEIRO CABRAL";"Robertoribeiro@gmail.com.br";"07/09/1949";"MASCULINO";"CASADO";"(83) 98893-0001";"58035-010";"BESSA";"JOÃO PESSOA";"PB";"IEB Intermares";"BELMIRO / MÔNICA";"LEÃO DE JUDÁ";"SOU MEMBRO"
"REBECA TIBAU AGUIAR DIAS";"";"14/04/1989";"FEMININO";"CASADO";"(83) 98130-2920";"";"INTERMARES";"CABEDELO";"PB";"IEB Intermares";"LEONARDO / LIDIA";"KAIROS";"SOU MEMBRO"
"DIOGO EMANUEL ALVES PINTO";"";"2011-09-29";"MASCULINO";"SOLTEIRO";"0";"";"0";"CABEDELO";"PB";"IEB INTERMARES";"GUILHERME / MIGUEL / FILIPE";"FREEDOM BOYS";"NÃO SOU MEMBRO"
"GECILDA MARIA SANTOS DA COSTA";"gecilda2707@gmail.com";"30/07/1966";"FEMININO";"CASADO";"(83) 98899-2551";"58103-060";"CAMALAÚ";"CABEDELO";"PB";"IEB INTERMARES";"FÁBIO / EDNALVA";"MANANCIAL";"SOU MEMBRO"
"ANDRE GALVÃO NUNES NASCIMENTO";"neoon.andregalvao@gmail.com";"03/04/1987";"MASCULINO";"SOLTEIRO";"(83) 99886-0404";"58102-028";"INTERMARES";"CABEDELO";"PB";"IEB INTERMARES";"";"";"SOU MEMBRO"
"MICKAEL ESTEVÃO AZEVEDO DO NASCIMENTO";"mickaelnascimento13@gmail.com";"27/06/2001";"MASCULINO";"CASADO";"(83) 99906-6408";"58103-312";"JARDIM BRASÍLIA";"CABEDELO";"PB";"IEB INTERMARES";"SAMUEL / RAISSA";"MANÁ";"SOU MEMBRO"
"JOELMA VIEIRA SARAIVA FERNANDES";"joelmavsf@gmail.com";"25/02/1973";"FEMININO";"CASADO";"83998437477";"58101-670";"PONTA DE CAMPINA";"CABEDELO";"PB";"IEB INTERMARES";"RAQUEL";"SHAMMAR";"NÃO SOU MEMBRO"
"EMANOEL JOSÉ DO NASCIMENTO ";"";"22/10/1974";"MASCULINO";"CASADO";"(83) 98651-3545";"58103-036";"CAMALAÚ";"CABEDELO";"PB";"IEB Intermares";"JOSINALDO / ELAINE";"ATOS 4";"SOU MEMBRO"
"EDLUCIA EUZÉBIO DOS SANTOS";"";"22/05/1961";"FEMININO";"CASADO";"(83) 99935-5320";"";"CAMALAÚ ";"CABEDELO";"PB";"IEB Intermares";"FÁBIO / EDNALVA";"MANANCIAL";"SOU MEMBRO"
"LUCICLEIDE GOMES RIBEIRO";"";"10/06/1973";"FEMININO";"CASADO";"(83) 98761-1450";"";"CENTRO";"CABEDELO";"PB";"IEB Intermares";"FÁBIO / EDNALVA";"MANANCIAL";"SOU MEMBRO"
"LÍVIA BRUNA BELO NASCIMENTO";"liviabruna008@gmail.com";"2005-01-07";"FEMININO";"SOLTEIRO";"(83) 99117-5624";"";"BESSA";"JOÃO PESSOA ";"PB";"IEB Intermares";"GABRIEL / RAYZA";"PENIEL";"SOU MEMBRO"
"DAINE PEREIRA ALBINO";"pereiradayneanajulia@gmail.com";"18/01/1996";"FEMININO";"SOLTEIRO";"(83) 99335-4680";"58103-718";"JARDIM CAMBOINHA";"CABEDELO";"PB";"IEB INTERMARES";"GILBERTO / MARCIA";"AGUA VIVA 1";""
"JOÃO LUCAS MARTIMIANI PASCARELLI";"";"2006-10-11";"MASCULINO";"SOLTEIRO";"(83) 99926-9955";"";"JARDIM OCEANIA ";"JOÃO PESSOA ";"PB";"IEB INTERMARES";"EDUARDO / NICOLLY";"EN01";"SOU MEMBRO"
"DANIEL PEREIRA AMORIM";"da0531752@gmail.com";"2006-01-29";"MASCULINO";"SOLTEIRO";"(83) 98766-5955";"58108-284";"RENASCER";"CABEDELO";"PB";"IEB INTERMARES";"EDUARDO / NICOLLY";"EN01";"SOU MEMBRO"
"ALEX SANDRO CUNHA DO NASCIMENTO FILHO";"";"04/04/2013";"MASCULINO";"SOLTEIRO";"(83) 98887-8162";"58100-233";"CENTRO";"CABEDELO";"PB";"IEB Intermares";"GABRIEL / BARBARA";"ATOS 6";"SOU MEMBRO"
"ROBERTA BEZERRA BARBOSA CIRNE";"";"1983-06-10";"FEMININO";"0";"83996000000";"";"BESSA";"JOÃO PESSOA";"PB";"IEB INTERMARES";"GUTEMBERG / ELAINE";"ATOS 2";"NÃO SOU MEMBRO"
"NICOLLY AMORIM ALEXANDRE";"";"2006-04-13";"FEMININO";"SOLTEIRO";"(83) 98767-3360";"58102-316";"AEROCLUBE ";"JOÃO PESSOA";"PB";"IEB Intermares";"EDUARDO / NICOLLY";"EN01";"SOU MEMBRO"
"GABRIEL SILVESTRE DA FONSECA ARRAIS ";"";"22/06/1994";"MASCULINO";"CASADO";"(83) 99639-5839";"58100-233";"CENTRO";"CABEDELO";"PB";"IEB Intermares";"GABRIEL / BARBARA";"ATOS 6";"SOU MEMBRO"
"WILCY VILELA MELO BAPTISTA";"wilcyvmbaptista@hotmail.com";"09/09/1966";"FEMININO";"CASADO";"(83) 99332-1880";"58102-335";"INTERMARES";"CABEDELO";"PB";"IEB INTERMARES";"PATRÍCIA";"ATOS 1";"SOU MEMBRO"
"MARILIA FERREIRA GALVÃO";"mariliagalvao1909@gmail.com";"18/09/1968";"FEMININO";"SOLTEIRO";"(83) 93365-557";"58102-028";"INTERMARES";"CABEDELO";"PB";"IEB INTERMARES";"ADVANILTON / EDVÂNIA";"AE01";"NÃO SOU MEMBRO"
"DIEGO FARIAS DA SILVA";"daniellalima_araujo@hotmail.com";"24/12/1985";"MASCULINO";"CASADO";"(83) 99100-1686";"58035-000";"BESSA";"JOÃO PESSOA";"PB";"IEB INTERMARES";"ROGÉRIO / LUCIÉLLEN";"AVIVAMENTO";"SOU MEMBRO"
"CARLOS DANIEL MÁXIMONO FIDELIS ";"";"29/04/2005";"MASCULINO";"SOLTEIRO";"(83) 99318-2180";"58103-775";"JARDIM CAMBOINHA";"CABEDELO";"PB";"IEB Intermares";"GILBERTO / MARCIA";"AGUA VIVA 1";"NÃO SOU MEMBRO"
"HELDER PATRÍCK WANDERLEY SILVA";"";"07/05/1995";"MASCULINO";"SOLTEIRO";"(11) 97509-2022";"";"JARDIM MANGUINHOS";"CABEDELO ";"PB";"IEB INTERMARES";"GUTEMBERG / ELAINE";"ATOS 2";"SOU MEMBRO"
"SAMUEL SÁ BARRETO DOS SANTOS ";"";"12/01/1987";"MASCULINO";"SOLTEIRO";"(71) 99121-7324";"";"INTERMARES ";"JOÃO PESSOA ";"PB";"IEB Intermares";"SAMUEL / RAISSA";"MANÁ";"SOU MEMBRO"
"RAMON ELSON FIRMINO DE SOUZA";"";"10/05/1982";"MASCULINO";"CASADO";"(83) 98868-7550";"";"BELA VISTA ";"CABEDELO";"PB";"IEB Intermares";"RAMON / NAZELIA";"FILADÉLFIA";"SOU MEMBRO"
"LAURA LAISE MARTINS DOS SANTOS";"";"2015-05-14";"FEMININO";"SOLTEIRO";"(83) 98723-6021";"58028-700";"IPÊS";"JOÃO PESSOA";"PB";"IEB INTERMARES";"ANA / AMANDA";"FREEDOM";"NÃO SOU MEMBRO"
"JOSÉ NELSON DA CUNHA";"";"21/11/1953";"MASCULINO";"CASADO";"(11) 97744-2044";"58102-100";"INTERMARES";"CABEDELO";"PB";"IEB INTERMARES";"BELMIRO / MÔNICA";"LEÃO DE JUDÁ";"NÃO SOU MEMBRO"
"SARAH ALDERINA PRAXEDES RODRIGUES";"sarahpx96@gmail.com";"2007-09-23";"FEMININO";"SOLTEIRO";"(83) 99198-3218";"58103-684";"JARDIM CAMBOINHA";"CABEDELO";"PB";"IEB INTERMARES";"JOAO / SHIRLEY";"JS01";""
"ANDRÉ LUIS DA SILVA";"andre_planalto@hotmail.com";"1984-12-04";"MASCULINO";"CASADO";"(49) 99949-1154";"58037-760";"JARDIM OCEANIA";"JOÃO PESSOA";"PB";"IEB INTERMARES";"CAVALCANTE / CONCEIÇÃO";"VINDE A MIM";"NÃO SOU MEMBRO"
"LORENZO HENRIQUE SILVA DORNELAS";"laurijanesilva1@gmail.com";"07/12/2025";"MASCULINO";"SOLTEIRO";"(83) 99974-2581";"58100195";"CENTRO";"CABEDELO";"PB";"IEB INTERMARES";"ADRIANA / KENEDY";"AGUA VIVA 2";"NÃO SOU MEMBRO"
"FATIMA MADALENA OLIVEIRA LICARIÂO TAVARES CHACON";"ednilcerochamendoca62@gmail.com";"1961-06-10";"FEMININO";"CASADO";"(83) 99856-3000";"58031-080";"MAR DAS ANTILHAS 14 APTO 501";"INTERMARES: CABEDELO";"PB";"IEB Intermares";"SEM CÉLULA";"SEM CÉLULA";""
"MARIA CLARA CASANOVA DE CARVALHO MEIRELES";"";"2002-03-11";"FEMININO";"SOLTEIRO";"+55 83 99403-3614";"58035-310";"BESSA";"JOÃO PESSOA";"PB";"IEB INTERMARES";"ANDERSON / LAURISA";"EFATÁ";"SOU MEMBRO"
"ANA CLARA SOUSA VASCONCELOS";"";"02/10/2010";"FEMININO";"SOLTEIRO";"(83)98765-3940";"";"CAMBOINHA I";"CABEDELO";"PB";"IEB INTERMARES";"LÍVIA / NATÁLIA";"ZION GIRLS";"NÃO SOU MEMBRO"
"HAROLDO ROSENDE DOS ANJOS";"";"18/08/1969";"MASCULINO";"CASADO";"(83) 98630-1007";"";"FORMOSA";"CABEDELO ";"PB";"IEB Intermares";"SAMUEL / RAISSA";"MANÁ";"SOU MEMBRO"
"JOHN KELSON";"";"12/06/2024";"MASCULINO";"CASADO";"(83) 98833-6305";"";"CAMBOINHA 2";"CABEDELO";"PB";"IEB INTERMARES";"ARTHUR / LORENA";"AL01";"SOU MEMBRO"
"FABRICIA CASANOVA DE CARVALHO MEIRELES";"";"1978-10-04";"FEMININO";"";"83987257290";"";"BESSA";"JOÃO PESSOA";"PB";"IEB INTERMARES";"SEM CÉLULA";"SEM CÉLULA";"NÃO SOU MEMBRO"
"DIEMANO BRUNO LIMA NOBREGA";"brunodiemano@gmail.com";"24/05/1988";"MASCULINO";"CASADO";"(83) 99883-2323";"58101-750";"PONTA DE CAMPINA";"CABEDELO";"PB";"IEB INTERMARES";"CAIO / BIANCA";"RIO DO LEÃO";"SOU MEMBRO"
"LAURA VICTÓRIA MENDES RIBEIRO GERSTNER";"";"03/06/2012";"FEMININO";"SOLTEIRO";"98048801";"";"INTERMARES";"CABEDELO";"PB";"IEB INTERMARES";"REBEKAH / MONIQUE";"CHOSEN";"NÃO SOU MEMBRO"
"WELLISON SEBASTIÃO FERREIRA ";"";"03/09/1984";"MASCULINO";"CASADO";"(83) 99612-8470";"";"CAMALAU ";"CABEDELO ";"PB";"IEB Intermares";"FÁBIO / EDNALVA";"MANANCIAL";"SOU MEMBRO"
"EDUARDO CARNEIRO DE ANDRADE";"eduardocarneirodeandrade@gmail.com";"30/01/1968";"MASCULINO";"CASADO";"(83) 99391-3494";"58102-031";"INTERMARES";"CABEDELO";"PB";"IEB INTERMARES";"ADVANILTON / EDVÂNIA";"AE01";"NÃO SOU MEMBRO"
"ANDREIA AVILA DINIZ DOS SANTOS";"";"17/11/1970";"";"";"(83) 98620-6864";"58102-162";"INTERMARES";"CABEDELO";"PB";"IEB Intermares";"JAIRO / ROSANA";"MORIAH";"SOU MEMBRO"
"DANIEL TRAJANO DE MEDEIROS SILVA";"";"26/12/2010";"MASCULINO";"SOLTEIRO";"0";"";"INTERMARES";"CABEDELO";"PB";"IEB INTERMARES";"REBEKAH";"CHOSEN";"NÃO SOU MEMBRO"
"FERNANDA DE SOUZA FRAZÃO";"";"1998-06-20";"FEMININO";"SOLTEIRO";"(96) 99963-8326";"";"JARDIM LUNA ";"JOÃO PESSOA ";"PB";"IEB INTERMARES";"EVELLYN / FERNANDA";"EF01";"NÃO SOU MEMBRO"
"WESLEY LEÔNCIO DE LIMA";"";"2011-11-02";"MASCULINO";"SOLTEIRO";"(83) 98631-1740";"58103-775";"JARDIM CAMBOINHA";"CABEDELO";"PB";"";"RUBENS / ISAC";"AGUA VIVA 3";"NÃO SOU MEMBRO"
"HEITOR LOPES CIRNE";"";"19/09/2017";"MASCULINO";"SOLTEIRO";"(83) 98230-9430";"58035-040";"BESSA";"JOÃO PESSOA";"PB";"IEB INTERMARES";"ANDREIA / VANDERLEI";"FLECHAS DO SENHOR 1";"NÃO SOU MEMBRO"
"MARIA LUIZA LOPES DE MELO SILVA";"marialuizalopes.pcareer@gmail.com";"19/10/2007";"FEMININO";"SOLTEIRO";"(83) 99998-1738";"58105-514";"JACARÉ";"CABEDELO";"PB";"IEB INTERMARES";"ADRIANA / KENEDY";"AGUA VIVA 2";"NÃO SOU MEMBRO"
"MARIA EDUARDA RODRIGUES DE SIQUEIRA ";"victorjuan4724@gmail.com";"2004-01-23";"FEMININO";"SOLTEIRO";"(81) 97325-1431";"58103-077";"INTERMARES ";"CABEDELO ";"PB";"IEB Intermares";"AIRTON / EMÍLIA";"HEAVEN";"NÃO SOU MEMBRO"
"RHODNEY CÉSAR DE LIMA SILVA";"rhodneycesardelimasilvacesar@gmail.com";"26/06/1988";"MASCULINO";"0";"(61)98576-4152";"";"JARDIM CIDADE UNIVERSITARIA";"BANCÁRIO";"PB";"IEB INTERMARES";"RHODNEY / KAREN";"YAHWEH";"SOU MEMBRO"
"MARÍA EDILZA DE SOUZA";"";"0";"FEMININO";"0";"84999159769";"";"BELA VISTA";"CABEDELO";"PB";"IEB INTERMARES";"PATRÍCIA";"ATOS 1";"SOU MEMBRO"
"SARAH STHEFFANY DO PRADO BATISTA";"";"14/11/2005";"FEMININO";"SOLTEIRO";"(83) 99985-1925";"58103-350";"JARDIM BRASÍLIA";"CABEDELO";"PB";"IEB INTERMARES";"SAMUEL / RAISSA";"MANÁ";"NÃO SOU MEMBRO"
"RUAN CARLOS NASCIMENTO VIDAL";"";"21/09/2011";"MASCULINO";"SOLTEIRO";"(83) 98859-3359";"58100-168";"CENTRO";"CABEDELO";"PB";"IEB Intermares";"FERNANDES / ZELÂNDIA";"ATOS 3";"SOU MEMBRO"
"LETÍCIA LORRAINE CAVALCANTE PEREIRA";"leticialorraine129@gmail.com";"2007-08-21";"FEMININO";"SOLTEIRO";"(83) 99336-5920";"58102-091";"INTERMARES";"CABEDELO";"PB";"IEB INTERMARES";"SEM CÉLULA";"SEM CÉLULA";"SOU MEMBRO"
"BIANCA PEREIRA BARBOSA";"";"28/10/2012";"FEMININO";"SOLTEIRO";"(83)98765-3940";"";"PONTA DE CAMPINA";"CABEDELO";"PB";"IEB INTERMARES";"REBEKAH / MONIQUE";"CHOSEN";"NÃO SOU MEMBRO"
"MARIA DE LOURDES DE LIMA DORNELAS CAVALCANTE";"mariadornelas287@gmail.com";"2009-03-25";"FEMININO";"SOLTEIRO";"(83) 99831-5157";"58100-611";"PONTA DE MATOS";"CABEDELO";"PB";"IEB INTERMARES";"EDUARDO / NICOLLY";"EN01";"SOU MEMBRO"
"HELEN CRISTINA JOAQUIM DE SOUZA FERNANDES";"";"08/08/2026";"FEMININO";"CASADO";"(21) 96977-7865";"58202-335";"";"";"";"IEB INTERMARES";"ROGÉRIO / LUCIÉLLEN";"AVIVAMENTO";"NÃO SOU MEMBRO"
"AMANDA LIMA GUIMARAES";"alimaguimaraes@hotmail.com";"1977-01-14";"";"";"(83) 98780-9644";"58042-280";"TAMBAUZINHO";"JOÃO PESSOA";"PB";"IEB INTERMARES";"SEM CÉLULA";"SEM CÉLULA";"NÃO SOU MEMBRO"
"ALDA LUCIA DA SILVA";"aldaadm@yahoo.com.br";"17/02/1956";"FEMININO";"SOLTEIRO";"(83) 99644-2885";"58102-105";"INTERMARES";"CABEDELO";"PB";"IEB INTERMARES";"RAQUEL";"SHAMMAR";""
"2792525";"";"17/06/1985";"FEMININO";"CASADO";"(83) 98827-9571";"58051-592";"BANCÁRIOS";"JOÃO PESSOA";"PB";"IEB INTERMARES";"RHODNEY / KAREN - ARCA";"ARCA";""
"LETÍCIA DA SILVA FERNANDES";"fernandesleticia1442@gmail.com";"2003-02-02";"FEMININO";"SOLTEIRO";"(83) 98784-5479";"58103-212";"CAMALAÚ";"CABEDELO";"PB";"IEB INTERMARES";"FLÁVIO / LIVYA";"MARANATA";"SOU MEMBRO"
"KLEBER MARTINS BARBOSA";"";"1974-02-11";"MASCULINO";"CASADO";"(83) 99802-8495";"58036-190";"AEROCLUBE";"JOÃO PESSOA";"PB";"IEB INTERMARES";"GUTEMBERG / ELAINE";"ATOS 2";""
"JANICELY DE MEDEIROS FERREIRA";"";"1996-04-05";"FEMININO";"CASADO";"(83) 98764-0214";"";"CENTRO ";"CABEDELO ";"PB";"IEB INTERMARES";"SAMUEL / RAISSA";"MANÁ";"SOU MEMBRO"
"ALEXANDRE MUNIZ DA PAIXAO";"alexandre.ventura@gmail.com";"1977-04-15";"MASCULINO";"CASADO";"(61) 99841-9436";"58102-141";"INTERMARES";"CABEDELO";"PB";"IEB INTERMARES";"SEM CÉLULA";"SEM CÉLULA";"NÃO SOU MEMBRO"
"EDUARDO HENRIQUE ONOFRE DA SILVA";"";"20/06/2004";"MASCULINO";"SOLTEIRO";"(83) 98888-3660";"";"CENTRO ";"CABEDELO ";"PB";"IEB INTERMARES";"EDUARDO / NICOLLY";"EN01";"SOU MEMBRO"
"HALLEN DE MORAES MOURA U";"loreteixeira2@gmail.com";"1976-05-02";"MASCULINO";"CASADO";"83 981261200";"58037-428";"JARDIM OCEANIA";"JOÃO PESSOA";"PB";"IEB Intermares";"SEM CÉLULA";"SEM CÉLULA";"SOU MEMBRO"
"ROSANO DO ESPÍRITO SANTO TRINDADE";"rosano50ttindade@gmail.com";"1963-03-16";"MASCULINO";"CASADO";"(96) 99127-0898";"58106-548";"AMAZÔNIA PARK";"CABEDELO";"PB";"IEB INTERMARES";"RICARDO / ROSANE";"KADOSH";"NÃO SOU MEMBRO"
"ANNA BEATRIZ MORAIS CRIZÓSTOMO";"annabiacrizostomo@gmail.com";"2007-12-29";"FEMININO";"SOLTEIRO";"(83) 99365-2398";"";"INTERMARES";"CABEDELO";"PB";"IEB INTERMARES";"EDUARDO / NICOLLY";"EN01";"SOU MEMBRO"
"NAYLA ELLEN AVELINO MENDONÇA";"";"17/05/2012";"FEMININO";"SOLTEIRO";"(83)98765-3940";"";"BESSA";"JOÃO PESSOA";"PB";"IEB INTERMARES";"REBEKAH / MONIQUE";"CHOSEN";"NÃO SOU MEMBRO"
"THAYSE DE OLIVEIRA BARBOSA";"thiago-guga@hotmail.com";"1994-10-06";"";"";"(83) 98234-5022";"58101-114";"MONTE CASTELO";"CABEDELO";"PB";"IEB INTERMARES";"SEM CÉLULA";"SEM CÉLULA";"SOU MEMBRO"
"VICTOR MATHEUS CAVALCANTE MOURA";"";"18/07/2024";"MASCULINO";"CASADO";"(83) 99199-8151";"";"CAMBOINHA ";"CABEDELO ";"PB";"IEB INTERMARES";"ANDERSON / LAURISA";"EFATÁ";"SOU MEMBRO"
"JONAS ELIAS SCHWAMBACH ARAÚJO";"";"08/06/2016";"MASCULINO";"SOLTEIRO";"(83) 98700-3203";"58101-733";"PONTA DE CAMPINA";"CABEDELO";"PB";"IEB INTERMARES";"ANDREIA / VANDERLEI";"FLECHAS DO SENHOR 1";"SOU MEMBRO"
"ANTÔNIO LEITE RAMALHO NETO";"";"04/12/1994";"MASCULINO";"SOLTEIRO";"(83) 99924-9104";"";"MANGABEIRA VII";"JOÃO PESSOA ";"PB";"IEB Intermares";"GABRIEL / REBECCA";"ZOE";"SOU MEMBRO"
"SUN ELLEN DE AQUINO MENDES";"talitapqna@gmail.com";"01/04/1983";"FEMININO";"CASADO";"(83) 99415-6650";"58103-706";"JARDIM CAMBOINHA";"CABEDELO";"PB";"IEB INTERMARES";"GILBERTO / MARCIA";"AGUA VIVA 1";""
"ARTHUR SERRANO VIANA";"arthurserrano494@gmail.com";"02/04/2005";"MASCULINO";"SOLTEIRO";"(83) 98693-3944";"58031-270";"PEDRO GONDIM";"JOÃO PESSOA";"PB";"IEB INTERMARES";"THIAGO / NATÁLIA";"AWAKE";"NÃO SOU MEMBRO"
"KAREN KAROLINA OLIVEIRA PINTO";"";"28/10/1992";"FEMININO";"0";"(61)98300-0680";"";"0";"CABEDELO";"PB";"IEB INTERMARES";"RHODNEY / KAREN";"YAHWEH";"NÃO SOU MEMBRO"
"DEBORAH LIMA DE OLIVEIRA";"okarenkarolina@gmail.com";"05/04/2012";"FEMININO";"SOLTEIRO";"(61) 99292-2255";"58102-149";"INTERMARES";"CABEDELO";"PB";"IEB INTERMARES";"REBEKAH / MONIQUE";"CHOSEN";"SOU MEMBRO"
"ANDREA HENRIQUE DE SOUSA DELGADO";"alimaguimaraes@hotmail.com";"1985-03-25";"FEMININO";"CASADO";"(83) 98845-0778";"58041-070";"EXPEDICIONÁRIOS";"JOÃO PESSOA";"PB";"IEB Intermares";"SEM CÉLULA";"SEM CÉLULA";"SOU MEMBRO"
"JOSÉ CARLOS DOS SANTOS SILVA";"liviabruna008@gmail.com";"1996-07-14";"MASCULINO";"SOLTEIRO";"(83) 99614-6340";"58101-472";"RECANTO DO POÇO ";"CABEDELO";"PB";"IEB Intermares";"SEM CÉLULA";"SEM CÉLULA";"SOU MEMBRO"
"FERNANDA RAYSA TARGINO DE SOUZA";"raysatargino@icloud.com";"20/04/1993";"FEMININO";"CASADO";"(83) 99906-6413";"58103-312";"JARDIM BRASÍLIA";"CABEDELO";"PB";"IEB INTERMARES";"SAMUEL / RAISSA";"MANÁ";"SOU MEMBRO"
"JÚLIA LIMEIRA MADRUGA";"";"2015-06-05";"FEMININO";"SOLTEIRO";"(83) 98850-8603";"58102-332";"INTERMARES";"CABEDELO";"PB";"IEB INTERMARES";"ANA / AMANDA";"FREEDOM";"SOU MEMBRO"
"ANDRE SANTANA LEAL";"andretecnico1@gmail.com";"25/10/1979";"MASCULINO";"CASADO";"(71) 99325-8418";"58102-141";"INTERMARES";"CABEDELO";"PB";"IEB INTERMARES";"LINDEMBERG / ADRIANA / LUCIENE";"IDE";"SOU MEMBRO"
"ALICE BARBOSA LIMA MAIA";"";"18/05/1984";"FEMININO";"CASADO";"(83) 99894-8888";"58037-030";"JARDIM OCEANIA";"JOÃO PESSOA";"PB";"IEB INTERMARES";"GUTEMBERG / ELAINE";"ATOS 2";"SOU MEMBRO"
"FÁBIO FÉLIX DA SILVA ";"";"09/03/1966";"MASCULINO";"CASADO";"(83) 98771-5500";"";"FORMOSA";"CABEDELO";"PB";"IEB Intermares";"FÁBIO / EDNALVA";"MANANCIAL";"SOU MEMBRO"
"PATRICIA MÜLLER NUNES DA SILVA";"patricia.muller.adm@gmail.com";"22/01/1989";"FEMININO";"SOLTEIRO";"(83) 99944-3021";"58102-105";"INTERMARES";"CABEDELO";"PB";"IEB INTERMARES";"RAMON / NAZELIA";"FILADÉLFIA";"NÃO SOU MEMBRO"
"TATIANE COSTA MEDEIROS";"tatinhaamedeiros@gmail.com";"1995-11-30";"FEMININO";"CASADO";"(83) 99686-8205";"58101-740";"PONTA DE CAMPINA";"CABEDELO";"PB";"IEB INTERMARES";"CAVALCANTE / CONCEIÇÃO";"VINDE A MIM";"NÃO SOU MEMBRO"
"VITORIA DA SILVEIRA DINIZ RODRIGUES";"";"17/05/2013";"FEMININO";"SOLTEIRO";"(83) 98807-8337";"58103-775";"JARDIM CAMBOINHA";"CABEDELO";"PB";"IEB Intermares";"ADRIANA / KENEDY";"AGUA VIVA 2";"NÃO SOU MEMBRO"
"ROSANA NAVARRO SPERB";"rosanalimanavarro@hotmail.com";"02/03/1961";"FEMININO";"CASADO";"(83) 99922-1073";"58102-222";"INTERMARES";"CABEDELO";"PB";"IEB Intermares";"JAIRO / ROSANA";"MORIAH";"SOU MEMBRO"
"FABIANA AVELINO MENDONÇA";"fabianamavelino@gmail.com";"04/07/1978";"FEMININO";"CASADO";"(83) 98726-9820";"58035-090";"BESSA";"JOÃO PESSOA";"PB";"IEB INTERMARES";"RICARDO / ROSANE";"KADOSH";"SOU MEMBRO"
"ERIVALDO DA SILVA SANTOS";"sgterivaldo@hotmail.com";"1966-05-03";"MASCULINO";"CASADO";"(83) 99850-0361";"58037-225";"JARDIM OCEANIA";"JOÃO PESSOA";"PB";"IEB INTERMARES";"ERIVALDO / LUCÍOLA";"HAGIOS";"SOU MEMBRO"
"PATRICIA MONICA BARBOSA DE ARAUJO";"bia@hotmail.com";"1968-03-18";"FEMININO";"CASADO";"(83) 99869-0250";"58102-131";"INTERMARES";"CABEDELO";"PB";"IEB Intermares";"SEM CÉLULA";"SEM CÉLULA";"SOU MEMBRO"
"ELLEN CRISTINO DE OLIVEIRA DAS OLIVEIRAS ";"";"09/09/2003";"FEMININO";"SOLTEIRO";"(83) 98739-4438";"58103-036";"CAMALAÚ";"CABEDELO";"PB";"IEB Intermares";"JOSINALDO / ELAINE";"ATOS 4";"SOU MEMBRO"
"DEIZZIA DA SILVA RODRIGUES ";"";"29/09/2024";"FEMININO";"CASADO";"(83) 98701-6603";"58103-753";"JARDIM CAMBOINHA";"CABEDELO";"PB";"IEB Intermares";"ELIANE";"MAANAIM 1";"SOU MEMBRO"
"EDSON E SILVA";"edson@hotmail.com";"28/11/1949";"MASCULINO";"CASADO";"(83) 99686-1808";"58102-162";"INTERMARES";"CABEDELO";"PB";"IEB INTERMARES";"JAIRO / ROSANA";"MORIAH";"SOU MEMBRO"
"VITÓRIA LUIZ BODO DUTRA";"";"27/09/1998";"FEMININO";"CASADO";"(11) 99991-4963";"";"MANDACARU ";"JOÃO PESSOA ";"PB";"IEB Intermares";"GABRIEL / RAYZA";"PENIEL";"NÃO SOU MEMBRO"
"ERIKSON ANDRÉ ROSAL MADRUGA";"";"1986-09-24";"MASCULINO";"0";"(83)98608-8732";"";"INTERMARES";"CABEDELO";"PB";"IEB INTERMARES";"SEM CÉLULA";"SEM CÉLULA";"NÃO SOU MEMBRO"
"MOZIELLY PRINSIA DE FRANÇA BARBOSA";"";"24/01/1987";"FEMININO";"CASADO";"(83) 99110-4296";"";"CAMALAU ";"CABEDELO ";"PB";"IEB Intermares";"FÁBIO / EDNALVA";"MANANCIAL";"SOU MEMBRO"
"NAZELIA DA SILVA SALES DE SOUZA ";"";"09/06/1989";"FEMININO";"CASADO";"(83) 98871-6466";"";"BELA VISTA ";"CABEDELO";"PB";"IEB Intermares";"RAMON / NAZELIA";"FILADÉLFIA";"SOU MEMBRO"
"KAMILA FRANCISCA GOMES ";"";"2002-01-22";"FEMININO";"SOLTEIRO";"(83) 99616-3059";"58105-101";"RECANTO DO POÇO";"CABEDELO";"PB";"IEB Intermares";"SEM CÉLULA";"SEM CÉLULA";"SOU MEMBRO"
"DECIO CARTAXO NETO";"cartaxoneto@gmail.com";"22/09/1972";"MASCULINO";"CASADO";"(83) 98831-2197";"58102-105";"INTERMARES";"CABEDELO";"PB";"IEB INTERMARES";"RICARDO / ROSANE";"KADOSH";"SOU MEMBRO"
"ZELÂNDIA BARBOSA DE LIMA MONTEIRO ";"";"11/09/1973";"FEMININO";"CASADO";"(83) 99934-4786";"58100-645";"PONTA DE MATOS";"CABEDELO";"PB";"IEB Intermares";"FERNANDES / ZELÂNDIA";"ATOS 3";"SOU MEMBRO"
"PEDRO HENRIQUE MORAIS CRIZÓSTOMO";"";"07/04/2010";"MASCULINO";"SOLTEIRO";"(83)98765-3940";"";"JARDIM CAMBOINHA";"CABEDELO";"PB";"IEB INTERMARES";"REBEKAH";"CHOSEN";"NÃO SOU MEMBRO"
"JORGINEIDE MARIA SILVA ANDRADE";"raquelmbraz75@gmail.com";"26/05/1970";"FEMININO";"CASADO";"83 996562210";"58102-046";"INTERMARES";"CABEDELO";"PB";"IEB INTERMARES";"RAQUEL";"SHAMMAR";"SOU MEMBRO"
"AMANDA MICHELE DA SILVA ALMEIDA";"";"18/09/1988";"FEMININO";"";"83999247592";"";"POÇO";"CABEDELO";"PB";"IEB INTERMARES";"ALDA";"A01";"NÃO SOU MEMBRO"
"SILVIA DA CRUZ RAMALHO";"";"22/06/1974";"FEMININO";"0";"83982261000";"";"AEROCLUBE";"JOÃO PESSOA";"PB";"IEB INTERMARES";"";"";"NÃO SOU MEMBRO"
"MARIA LUCIENE FERNANDES DE MOURA";"";"0";"FEMININO";"0";"83887653840";"";"PONTA DE CAMPINA";"CABEDELO";"PB";"IEB INTERMARES";"LINDEMBERG / ADRIANA / LUCIENE";"IDE";"SOU MEMBRO"
"HERICA IRLA PEREIRA DO NASCIMENTO";"";"04/05/1981";"FEMININO";"SOLTEIRO";"(83) 99606-4978";"58103-706";"JARDIM CAMBOINHA";"CABEDELO";"PB";"IEB INTERMARES";"GILBERTO / MARCIA";"AGUA VIVA 1";""
"ANTONY PABLO FERNANDES DA SILVA ATAIDE";"";"28/07/1977";"MASCULINO";"CASADO";"(83) 99410-7673";"58103-382";"JARDIM BRASÍLIA";"CABEDELO";"PB";"IEB INTERMARES";"ADVANILTON / EDVÂNIA";"AE01";"NÃO SOU MEMBRO"
"SUZANA DE ALMEIDA";"";"11/10/1959";"FEMININO";"SOLTEIRO";"(21) 98214-9967";"58102-141";"INTERMARES";"CABEDELO";"PB";"IEB INTERMARES";"SIMONE";"S01";"NÃO SOU MEMBRO"
"ERENILTON AGUIAR";"";"17/02/1952";"MASCULINO";"CASADO";"(83) 98812-0603";"";"CAMBOINHA ";"CABEDELO";"PB";"IEB Intermares";"FÁBIO / EDNALVA";"MANANCIAL";"SOU MEMBRO"
"REBECCA CAMILATO PIZETA";"";"2000-10-28";"FEMININO";"SOLTEIRO";"(28) 99977-7268";"58102-071";"INTERMARES";"CABEDELO";"PB";"IEB INTERMARES";"EVELLYN / FERNANDA";"EF01";"NÃO SOU MEMBRO"
"FILIPE GABRIEL PONTES DA COSTA MATOS";"";"2006-08-03";"MASCULINO";"SOLTEIRO";"(83) 99690-5158";"";"POÇO ";"CABEDELO ";"PB";"IEB INTERMARES";"EDUARDO / NICOLLY";"EN01";"SOU MEMBRO"
"ANDRE LUIS BATISTA MOREIRA";"andre.moreira12.albm@gmail.com";"11/07/1973";"MASCULINO";"CASADO";"(83) 99306-3854";"58102-316";"INTERMARES";"CABEDELO";"PB";"IEB INTERMARES";"CAVALCANTE / CONCEIÇÃO";"VINDE A MIM";"NÃO SOU MEMBRO"
"DEYVISON DA SILVA RODRIGUES";"naosabeemail@gmail.com";"2012-02-28";"MASCULINO";"SOLTEIRO";"(83) 99934-5770";"58102-149";"INTERMARES";"CABEDELO";"PB";"IEB INTERMARES";"GUILHERME / MIGUEL / FILIPE";"FREEDOM BOYS";"SOU MEMBRO"
"AUGUSTO BRUNO DE ANDRADE RODRIGUES";"";"1991-05-31";"MASCULINO";"CASADO";"(83) 98709-6982";"";"INTERMARES";"CABEDELO";"PB";"IEB Intermares";"SEM CÉLULA";"SEM CÉLULA";"SOU MEMBRO"
"MARCELO CONRADO DE ALMEIDA";"";"31/12/1974";"MASCULINO";"CASADO";"(83) 99641-2214";"";"CAMALAÚ ";"CABEDELO";"PB";"IEB Intermares";"FÁBIO / EDNALVA";"MANANCIAL";"SOU MEMBRO"
"ALESSANDRO PIMENTEL GEDEÃO";"";"0";"MASCULINO";"0";"21965111718";"";"INTERMARES";"CABEDELO";"PB";"IEB INTERMARES";"";"";"NÃO SOU MEMBRO"
"FLÁVIO MENEZES DA SILVA FILHO";"flaviofilho.nine7@hotmail.com";"2003-11-09";"MASCULINO";"SOLTEIRO";"(83) 98626-0091";"58100-142";"CENTRO";"CABEDELO";"PB";"IEB INTERMARES";"FLÁVIO / LIVYA";"MARANATA";"SOU MEMBRO"
"GUTEMBERG PEREIRA DA CRUZ";"";"09/03/1980";"MASCULINO";"0";"83991658721";"";"JARDIM OCEANIA";"JOÃO PESSOA";"PB";"IEB INTERMARES";"GUTEMBERG / ELAINE";"ATOS 2";"NÃO SOU MEMBRO"
"ALINE DE OLIVEIRA BEZERRA";"aline.bezerra31@gmail.com";"1981-03-17";"FEMININO";"SOLTEIRO";"(71) 98815-7436";"58102-141";"INTERMARES";"CABEDELO";"PB";"IEB INTERMARES";"SEM CÉLULA";"SEM CÉLULA";"NÃO SOU MEMBRO"
"AGUINALDO RODRIGUES DE OLIVEIRA JUNIOR";"";"21/06/1973";"MASCULINO";"0";"(83)99608-1888";"";"0";"CABEDELO";"PB";"IEB INTERMARES";"RHODNEY / KAREN";"YAHWEH";"NÃO SOU MEMBRO"
"ADVANILTON DOS SANTOS AMARANTE";"Advanilton09@gmail.com";"09/05/1971";"MASCULINO";"CASADO";"(83) 99959-9449";"58101-670";"PONTA DE CAMPINA";"CABEDELO";"PB";"IEB INTERMARES";"ADVANILTON / EDVÂNIA";"AE01";"NÃO SOU MEMBRO"
"LIVIA GOMES NUNES";"";"30/06/2001";"FEMININO";"SOLTEIRO";"(83) 98785-0777";"58103-171";"CAMALAÚ";"CABEDELO";"PB";"IEB INTERMARES";"SAMUEL / RAISSA";"MANÁ";"NÃO SOU MEMBRO"
"MARIA DE FÁTIMA DO NASCIMENTO";"";"24/03/1971";"FEMININO";"SOLTEIRO";"(83) 99141-4451";"58037030";"JARDIM OCEANIA";"JOÃO PESSOA";"PB";"IEB INTERMARES";"CAIO / BIANCA";"RIO DO LEÃO";"SOU MEMBRO"
"MARCIA REGINA DOS SANTOS SILVA";"";"07/01/1972";"FEMININO";"CASADO";"(83) 98905-0578";"";"FORMOSA";"CABEDELO";"PB";"IEB Intermares";"SAMUEL / RAISSA";"MANÁ";"SOU MEMBRO"
"BRUNO CESAR PEDROZA DE ANDRADE";"brunopedroza@hotmail.com";"25/03/1982";"MASCULINO";"CASADO";"(83) 98831-6561";"58037-760";"JARDIM OCEANIA";"JOÃO PESSOA";"PB";"IEB INTERMARES";"GUTEMBERG / ELAINE";"ATOS 2";"NÃO SOU MEMBRO"
"EUNICE DE SOUZA LIMA ";"";"03/10/1967";"FEMININO";"CASADO";"(83) 98111-9977";"";"BELA VISTA 2";"CABEDELO ";"PB";"IEB Intermares";"CLÁUDIO / JAQUELINE";"AGAPE";"NÃO SOU MEMBRO"
"VINICIUS URQUIZA DA NÓBREGA PORTO ";"victorjuan4724@gmail.com";"2002-04-28";"MASCULINO";"SOLTEIRO";"(83) 98763-7738";"58103-077";"JARDIM OCEANIA ";"JOAO PESSOA ";"PB";"IEB Intermares";"AIRTON / EMÍLIA";"HEAVEN";"SOU MEMBRO"
"GEOVANA DE MEDEIROS CRUZ";"";"2014-02-27";"FEMININO";"SOLTEIRO";"83994118537";"";"BESSA";"JOÃO PESSOA";"PB";"IEB INTERMARES";"ANA / AMANDA";"FREEDOM";"NÃO SOU MEMBRO"
"SUE ELLEN RODRIGUES NORONHA";"";"11/02/1987";"FEMININO";"CASADO";"(83) 99658-9759";"58103-376";"JARDIM BRASÍLIA";"CABEDELO";"PB";"IEB INTERMARES";"ANDERSON / SAMARA";"PORTO";"SOU MEMBRO"
"SAMARA CRISTINA DA SILVA FERREIRA SOUZA ";"";"11/02/1992";"FEMININO";"CASADO";"(83) 98637-0900";"";"AREIA DOURADA";"CABEDELO ";"PB";"IEB Intermares";"ANDERSON / SAMARA";"PORTO";"SOU MEMBRO"
"ELIZEU DOS SANTOS ";"";"1993-01-02";"MASCULINO";"CASADO";"(83) 99932-2587";"";"PRAIA DO POÇO ";"CABEDELO ";"PB";"IEB Intermares";"SEM CÉLULA";"SEM CÉLULA";"SOU MEMBRO"
"ERONIDES MENDES LEITE FILHO";"mmgemspb@gmail.com";"1984-04-01";"MASCULINO";"CASADO";"(83) 99362-5335";"58102-023";"INTERMARES";"CABEDELO";"PB";"IEB INTERMARES";"CAVALCANTE / CONCEIÇÃO";"VINDE A MIM";"NÃO SOU MEMBRO"
"RAQUEL MARQUES BRAZ ";"bia@hotmail.com";"2024-06-19";"FEMININO";"CASADO";"(83) 98852-2524";"58101-675";"PONTA DE CAMPINA";"CABEDELO";"PB";"IEB Intermares";"RAQUEL";"SHAMMAR";"SOU MEMBRO"
"PALLOMA DE CARVALHO RUFFO PARREIRA";"";"1982-09-20";"FEMININO";"CASADO";"(61) 98566-0184";"58030-216";"ESTADOS";"JOÃO PESSOA";"PB";"IEB INTERMARES";"SEM CÉLULA";"SEM CÉLULA";"NÃO SOU MEMBRO"
"JANAÍNA MÁRCIA GREICK VILA NOVA";"";"14/07/1975";"FEMININO";"CASADO";"(83) 98790-7500";"58051-592";"BANCÁRIOS";"JOÃO PESSOA";"PB";"IEB INTERMARES";"RHODNEY / KAREN - ARCA";"ARCA";"NÃO SOU MEMBRO"
"PALOMA OLIVEIRA SANTANA DOS SANTOS";"";"25/01/1986";"FEMININO";"SOLTEIRO";"(83) 99348-5037";"";"PONTA DE CAMPINA ";"CABEDELO ";"PB";"IEB INTERMARES";"GUTEMBERG / ELAINE";"ATOS 2";"SOU MEMBRO"
"ALICE RODRIGUES CÂNDIDO ARAÚJO";"";"2024-10-04";"FEMININO";"SOLTEIRO";"99961320";"";"BAIRRO DOS IPÊS";"JOÃO PESSOA";"PB";"IEB INTERMARES";"SEM CÉLULA";"SEM CÉLULA";"NÃO SOU MEMBRO"
"VICTOR HUGO RIBEIRO FERREIRA COSTA";"";"2009-04-05";"MASCULINO";"SOLTEIRO";"(83) 98398-6654";"";"BESSA";"JOÃO PESSOA";"PB";"IEB INTERMARES";"JOHN / SAYMON / LUCAS";"OVERFLOW";"SOU MEMBRO"
"ELIETE DE ARAÚJO SILVA";"";"29/12/1975";"FEMININO";"SOLTEIRO";"(83) 98643-7871";"58100-645";"PONTA DE MATOS";"CABEDELO";"PB";"IEB Intermares";"FERNANDES / ZELÂNDIA";"ATOS 3";"SOU MEMBRO"
"MARLUCE ARAÚJO DA SILVA";"Simone28araujos@gmail.com";"04/12/1954";"FEMININO";"CASADO";"(83) 98824-3770";"58102-142";"INTERMARES";"CABEDELO";"PB";"IEB INTERMARES";"SIMONE";"S01";"SOU MEMBRO"
"17883649450";"claraaraujofmaria@gmail.com";"12/10/2007";"FEMININO";"SOLTEIRO";"(83) 99182-0241";"58035-000";"BESSA";"JOÃO PESSOA";"PB";"IEB INTERMARES";"LÍVIA / NATÁLIA";"ZION GIRLS";"NÃO SOU MEMBRO"
"RANDERSON DA SILVA LOURENÇO ";"";"02/02/1992";"MASCULINO";"CASADO";"(21) 97967-6883";"";"JARDIM BRASÍLIA ";"CABEDELO";"PB";"IEB Intermares";"ANDERSON / SAMARA";"PORTO";"SOU MEMBRO"
"GABRIEL CELESTINO BARRETO DE LIRA ";"";"29/07/1996";"MASCULINO";"CASADO";"(83) 99697-3396";"";"BELA VISTA";"CADEBELO";"PB";"IEB Intermares";"GABRIEL / RAYZA";"PENIEL";"SOU MEMBRO"
"MARIA NATIVA ROCHA DE ALENCAR";"nativarocha08@gmail";"07/07/2024";"FEMININO";"CASADO";"(83) 99996-1560";"58102-222";"INTERMARES";"CABEDELO";"PB";"IEB Intermares";"NATIVA";"SHEKINAH";"SOU MEMBRO"
"MARIA DAS DORES FERREIRA ";"aline.bezerra31@gmail.com";"1928-05-02";"FEMININO";"SOLTEIRO";"(83) 99335-3686";"58102-141";"CAMALAÚ ";"CABEDELO ";"PB";"IEB Intermares";"BERNADETE / JAMILLY";"MAANAIM 2";"SOU MEMBRO"
"LIVYA BATISTA PEREIRA";"pereiralivya976@gmail.com";"2007-01-30";"FEMININO";"SOLTEIRO";"(83) 99849-7788";"58103-036";"CAMALAÚ";"CABEDELO";"PB";"IEB INTERMARES";"FLÁVIO / LIVYA";"MARANATA";"SOU MEMBRO"
"LUCIÉLLEN SCHWAMBACH FERNANDES";"";"0";"FEMININO";"0";"83987003203";"";"INTERMARES";"CABEDELO";"PB";"IEB INTERMARES";"ROGÉRIO / LUCIÉLLEN";"AVIVAMENTO";"SOU MEMBRO"
"ANA JÚLIA MARTE VELOSO";"";"28/10/2017";"FEMININO";"SOLTEIRO";"+55 83 8737-1695";"58103-718";"JARDIM CAMBOINHA";"CABEDELO";"PB";"IEB INTERMARES";"ANDREIA / VANDERLEI";"FLECHAS DO SENHOR 1";""
"DENISE PORTELA MAGALHÃES";"";"02/02/1979";"FEMININO";"";"83998967030";"";"JARDIM CIDADE UNIVERSITÁRIA";"JOÃO PESSOA";"PB";"IEB INTERMARES";"ALDA";"A01";"NÃO SOU MEMBRO"
"DÉBORAH LIMA DE OLIVEIRA";"";"06/04/2012";"FEMININO";"SOLTEIRO";"(61)99292-2255";"";"0";"CABEDELO";"PB";"IEB INTERMARES";"REBEKAH";"CHOSEN";"NÃO SOU MEMBRO"
"CÍCERO ALEXANDRE DE BRITO ";"aline.bezerra31@gmail.com";"1987-04-24";"MASCULINO";"SOLTEIRO";"(83) 98731-0069";"58102-141";"CENTRO ";"CABEDELO ";"PB";"IEB Intermares";"BERNADETE / JAMILLY";"MAANAIM 2";"NÃO SOU MEMBRO"
"PEDRO FELIPE DE SOUZA VITOR";"";"2008-09-12";"MASCULINO";"SOLTEIRO";"(83) 99823-6309";"58102-335";"INTERMARES";"CABEDELO";"PB";"IEB INTERMARES";"JOHN / SAYMON / LUCAS";"OVERFLOW";"SOU MEMBRO"
"FRANCIGRACE DE OLIVEIRA SOARES ";"";"16/11/1969";"FEMININO";"CASADO";"(83) 98830-8517";"58101-105";"MONTE CASTELO";"CABEDELO";"PB";"IEB Intermares";"ELIANE";"MAANAIM 1";""
"CHARLENE DOS SANTOS SILVA";"charleneecia031187@gmail.com";"1987-11-02";"FEMININO";"CASADO";"(83) 98881-8256";"58102-335";"INTERMARES";"CABEDELO";"PB";"IEB INTERMARES";"HELLISSON / CHARLENE";"ADONAI";"SOU MEMBRO"
"DANIELLE BRAGA LEITE BATISTA DE OLIVEIRA";"daniellebraga_623@hotmail.com";"24/09/1983";"FEMININO";"CASADO";"(83) 98737-8057";"58102-151";"INTERMARES";"CABEDELO";"PB";"IEB INTERMARES";"ROGÉRIO / LUCIÉLLEN";"AVIVAMENTO";"SOU MEMBRO"
"DJAIR VICENTE FERREIRA FILHO";"";"12/04/2002";"MASCULINO";"SOLTEIRO";"(83) 98671-7841";"";"ALTO ROGER";"JOÃO PESSOA";"PB";"IEB Intermares";"GABRIEL / REBECCA";"ZOE";"SOU MEMBRO"
"KATHIANE MARQUES FERREIRA BARBOSA";"";"1975-01-27";"FEMININO";"CASADO";"(83) 98899-1460";"58036-190";"AEROCLUBE";"JOÃO PESSOA";"PB";"IEB INTERMARES";"GUTEMBERG / ELAINE";"ATOS 2";""
"ALICE GUERRA SATO";"";"05/11/2011";"FEMININO";"SOLTEIRO";"(83)98765-3940";"";"BELA VISTA (INTERMARES)";"CABEDELO";"PB";"IEB INTERMARES";"REBEKAH";"CHOSEN";"NÃO SOU MEMBRO"
"JEANE BONFIM ";"aline.bezerra31@gmail.com";"1975-12-18";"FEMININO";"CASADO";"(83) 99659-9569";"58102-141";"CAMALAU";"CABEDELO";"PB";"IEB Intermares";"BERNADETE / JAMILLY";"MAANAIM 2";"NÃO SOU MEMBRO"
"JOÃO LUIZ CASSIANO VIEGAS";"";"1992-07-05";"MASCULINO";"";"(83) 98609-9160";"";"CENTRO";"CABEDELO";"PB";"IEB INTERMARES";"ARTHUR / LORENA";"AL01";""
"ADRIANA CRISTINA MELO DE ANDRADE";"";"09/06/1969";"FEMININO";"SOLTEIRO";"(83) 98627-4735";"58106-562";"AMAZÔNIA PARK";"CABEDELO";"PB";"IEB INTERMARES";"ADRIANA / KENEDY";"AGUA VIVA 2";"SOU MEMBRO"
"ANNA CLARA PAIVA FORMIGA";"";"03/02/2011";"FEMININO";"SOLTEIRO";"839 8831-0690";"";"BELA VISTA";"CABEDELO";"PB";"IEB INTERMARES";"REBEKAH / MONIQUE";"CHOSEN";"NÃO SOU MEMBRO"
"SILVIA MANCINI VIESI";"silviamancinister@gmail.com";"1959-11-14";"FEMININO";"CASADO";"(83) 99102-9595";"58102-236";"INTERMARES";"CABEDELO";"PB";"IEB INTERMARES";"SEM CÉLULA";"SEM CÉLULA";"NÃO SOU MEMBRO"
"ALMIR DA SILVA PAULO";"";"08/09/1971";"MASCULINO";"SOLTEIRO";"(83) 98755-1204";"";"MONTE CASTELO";"CABEDELO";"PB";"IEB Intermares";"FÁBIO / EDNALVA";"MANANCIAL";"SOU MEMBRO"
"MARIA DAS GRAÇAS ONOFRE DA SILVA";"";"";"FEMININO";"";"83986047918";"";"AREIA DOURADA";"CABEDELO";"PB";"IEB INTERMARES";"CAVALCANTE / CONCEIÇÃO";"VINDE A MIM";"SOU MEMBRO"
"ARTHUR DAYVID PAULINO MARINHO";"arthurdpmarinho@gmail.com";"2006-05-26";"MASCULINO";"SOLTEIRO";"(83) 99811-0847";"58038-460";"MANAÍRA";"JOÃO PESSOA";"PB";"IEB INTERMARES";"SEM CÉLULA";"SEM CÉLULA";"SOU MEMBRO"
"JOÃO VÍCTOR FERREIRA DA SILVA";"espinolavictor553@gmail.com";"19/05/2011";"MASCULINO";"SOLTEIRO";"(83) 99610-9384";"58106-131";"PORTAL DO POÇO";"CABEDELO";"PB";"IEB INTERMARES";"ADRIANA / KENEDY";"AGUA VIVA 2";"NÃO SOU MEMBRO"
"MARIA LAURA ABILIO MAMEDE";"";"2007-08-05";"FEMININO";"SOLTEIRO";"(83) 99894-5054";"58102-316";"INTERMARES";"CABEDELO";"PB";"IEB INTERMARES";"EDUARDO / NICOLLY";"EN01";""
"ELDENI MENDONÇA REIS";"eldenyreis@gmail.com";"11/12/1959";"FEMININO";"CASADO";"(61) 98176-6300";"58102-322";"INTERMARES";"CABEDELO";"PB";"IEB INTERMARES";"CLÁUDIO / JAQUELINE";"AGAPE";"SOU MEMBRO"
"CLÁUDIO CARNEIRO DE LIMA";"";"26/06/1967";"MASCULINO";"CASADO";"(83) 99800-1441";"";"INTERMARES";"CABEDELO";"PB";"IEB Intermares";"CLÁUDIO / JAQUELINE";"AGAPE";"SOU MEMBRO"
"PATRÍCIA MARIA DA SILVA FERREIRA DE OLIVEIRA";"patriciatbm@gmail.com";"15/08/1974";"FEMININO";"CASADO";"(83) 98840-0121";"58102-222";"INTERMARES";"CABEDELO";"PB";"IEB INTERMARES";"PATRÍCIA";"ATOS 1";"SOU MEMBRO"
"MÔNICA JANUÁRIO MAMEDE";"";"26/06/1970";"FEMININO";"CASADO";"(83) 99368-4858";"58101-714";"PONTA DE CAMPINA";"CABEDELO";"PB";"IEB Intermares";"BELMIRO / MÔNICA";"LEÃO DE JUDÁ";"SOU MEMBRO"
"MARIA EDUARDA DE FIGUEIREDO PESSOA";"";"23/02/2002";"FEMININO";"SOLTEIRO";"(83) 98739-6266";"58101-323";"CAMBOINHA";"CABEDELO";"PB";"IEB INTERMARES";"ANDERSON / SAMARA";"PORTO";"SOU MEMBRO"
"ANA PAULA PINHEIRO DE LIRA";"anapaula_lira@outlook.com";"20/01/1980";"FEMININO";"CASADO";"(83) 99821-8800";"58102-142";"INTERMARES";"CABEDELO";"PB";"IEB INTERMARES";"GUTEMBERG / ELAINE";"ATOS 2";"SOU MEMBRO"
"1038139";"jfmoura45@gmail.com";"03/02/1945";"MASCULINO";"CASADO";"(83) 99981-2231";"58102-177";"INTERMARES";"CABEDELO";"PB";"IEB INTERMARES";"GILBERTO / MARCIA";"AGUA VIVA 1";"SOU MEMBRO"
"JESSYKA MODESTO DA SILVA";"";"29/04/1998";"FEMININO";"CASADO";"(83) 99387-1107";"";"JARDIM CAMBOINHA";"CABEDELO";"PB";"IEB INTERMARES";"WALTER / JESSYKA";"FONTE";"SOU MEMBRO"
"NATHANAEL SILVA MONTEIROS DOS SANTOS";"jsnarutin@gmail.com";"12/05/2010";"MASCULINO";"SOLTEIRO";"(83) 98689-1471";"58106-548";"AMAZÔNIA PARK";"CABEDELO";"PB";"IEB INTERMARES";"RUBENS / ISAC";"AGUA VIVA 3";"NÃO SOU MEMBRO"
"MÁRCIA VELOSO SILVA";"";"17/10/1969";"FEMININO";"CASADO";"(83) 98787-6250";"58103-718";"JARDIM CAMBOINHA";"CABEDELO";"PB";"IEB Intermares";"GILBERTO / MARCIA";"AGUA VIVA 1";""
"PABLO JOSÉ FELIX DA SILVA";"";"02/11/2009";"MASCULINO";"SOLTEIRO";"(81) 83842-974";"58103-775";"JARDIM CAMBOINHA";"CABEDELO";"PB";"IEB INTERMARES";"SAMUEL / RAISSA";"MANÁ";"SOU MEMBRO"
"WAGNER DE OLIVEIRA LEAL";"";"17/11/1990";"MASCULINO";"SOLTEIRO";"(83) 99689-8790";"58100-263";"CENTRO";"CABEDELO";"PB";"IEB Intermares";"FERNANDES / ZELÂNDIA";"ATOS 3";"SOU MEMBRO"
"MIGUEL BORBUREMA SERRANO";"eduarda_218@hotmail.com";"19/10/2013";"MASCULINO";"SOLTEIRO";"83998444102";"58100233";"CENTRO";"CABEDELO";"PB";"IEB INTERMARES";"GUILHERME / MIGUEL / FILIPE";"FREEDOM BOYS";"NÃO SOU MEMBRO"
"MARIA FERNANDES GUIMARÃES";"";"22/07/2011";"FEMININO";"SOLTEIRO";"(83)98765-3940";"";"PONTA DE CAMPINA";"CABEDELO";"PB";"IEB INTERMARES";"REBEKAH / MONIQUE";"CHOSEN";"NÃO SOU MEMBRO"
"SAMIRA LAYSSLA SILVA OLIVEIRA";"samihstay@gmail.com";"23/08/2012";"FEMININO";"SOLTEIRO";"+55 83 999155-3662";"58100-515";"PONTA DE MATOS";"CABEDELO";"PB";"IEB INTERMARES";"REBEKAH / MONIQUE";"CHOSEN";"SOU MEMBRO"
"REBEKAH CELESTINO BARRETO DE LIRA";"rebekah.cbl@gmail.comrebekah.cbl@gmail.com";"2000-05-24";"FEMININO";"SOLTEIRO";"(83) 99697-7212";"58102-071";"INTERMARES ";"CABEDELO ";"PB";"IEB Intermares";"EVELLYN / FERNANDA";"EF01";"SOU MEMBRO"
"ADRIANA DA SILVA SOUSA";"";"0";"FEMININO";"0";"83986559400";"";"BELA VISTA";"CABEDELO";"PB";"IEB INTERMARES";"LINDEMBERG / ADRIANA / LUCIENE";"IDE";"SOU MEMBRO"
"SIMONE MAXIMINO FIDELIS";"kaua1felizardo@gmail.com";"25/02/1989";"FEMININO";"CASADO";"(83) 99405-0537";"58103-772";"JARDIM CAMBOINHA";"CABEDELO";"PB";"IEB INTERMARES";"GILBERTO / MARCIA";"AGUA VIVA 1";"NÃO SOU MEMBRO"
"HELLEN SOPHIA RODRIGUES DA SILVA";"emillybadu130@gmail.com";"2013-02-08";"FEMININO";"SOLTEIRO";"(83) 98820-7236";"58106-548";"AMAZÔNIA PARK";"CABEDELO";"PB";"IEB INTERMARES";"EMILLY / MARIA";"ÁGUA VIVA 4";"SOU MEMBRO"
"ALEX SANDRO CUNHA DO NASCIMENTO ";"";"12/03/1979";"MASCULINO";"CASADO";"(21) 98145-8477";"58100-233";"CENTRO";"CABEDELO";"PB";"IEB Intermares";"GABRIEL / BARBARA";"ATOS 6";"SOU MEMBRO"
"PEDRO HENRIQUE MORAIS CRIZOSTOMO";"pitohenrique72@gmail.com";"2011-04-06";"MASCULINO";"SOLTEIRO";"(83) 99226-9955";"58102-162";"INTERMARES";"CABEDELO";"PB";"IEB INTERMARES";"JOHN / SAYMON / LUCAS";"OVERFLOW";"SOU MEMBRO"
"EDILSON LUIZ DA SILVA OLIVEIRA";"luizedilson561@gmail.com";"18/10/2001";"MASCULINO";"SOLTEIRO";"(83) 99679-0963";"58105-510";"JACARÉ";"CABEDELO";"PB";"IEB INTERMARES";"GABRIEL / RAYZA";"PENIEL";"SOU MEMBRO"
"VANESSA EUSTAQUIO COSTA NEVES";"";"05/07/1995";"FEMININO";"CASADO";"(11) 97109-4650";"";"INTERMARES";"CABEDELO";"PB";"IEB Intermares";"RAMON / NAZELIA";"FILADÉLFIA";"SOU MEMBRO"
"GLADYS H RIVEROS SILVA";"profglnina@hotmail.com";"1962-01-29";"FEMININO";"CASADO";"(63) 98420-7147";"58035-110";"BESSA";"JOÃO PESSOA";"PB";"IEB INTERMARES";"HELLISSON / CHARLENE";"ADONAI";"NÃO SOU MEMBRO"
"DEMETRYO ALBUQUERQUE ARAÚJO";"";"27/05/1987";"MASCULINO";"CASADO";"(83) 98881-3612";"";"FORMOSA";"CABEDELO";"PB";"IEB INTERMARES";"ARTHUR / LORENA";"AL01";"NÃO SOU MEMBRO"
"PEDRO CALEB FERREIRA ARAÚJO";"";"14/03/2013";"MASCULINO";"SOLTEIRO";"(83) 99807-8000";"58102-337";"INTERMARES";"CABEDELO";"PB";"IEB INTERMARES";"ANDREIA / VANDERLEI";"FLECHAS DO SENHOR 1";""
"FÁTIMA LAURA TIBAU AGUIAR";"";"10/04/1954";"FEMININO";"CASADO";"(83) 98620-5680";"";"CAMBOINHA ";"CABEDELO";"PB";"IEB Intermares";"FÁBIO / EDNALVA";"MANANCIAL";"SOU MEMBRO"
"CLAUDIANE FERREIRA GOMES";"";"27/12/1988";"FEMININO";"CASADO";"(83) 98794-8721";"58105-810";"JACARÉ";"CABEDELO";"PB";"IEB INTERMARES";"";"";""
"LETÍCIA AZAMBUJA WIECZOREK ";"rebeccalins17@gmail.com";"2004-03-28";"FEMININO";"SOLTEIRO";"(51) 98190-0414";"";"INTERMARES ";"CABEDELO ";"PB";"IEB Intermares";"THIAGO / NATÁLIA";"AWAKE";"NÃO SOU MEMBRO"
"JACKSON JOSE DA SILVA SOARES";"";"1991-07-21";"MASCULINO";"CASADO";"(83) 99132-1974";"";"BESSA";"JOÃO PESSOA";"PB";"IEB Intermares";"THIAGO / NATHALIA";"TN01";"SOU MEMBRO"
"GUILHERME NAVARRO DIAS";"";"31/12/2020";"MASCULINO";"SOLTEIRO";"";"";"";"";"";"IEB INTERMARES";"RAQUEL / ADEILDES";"VENCEDORES";"SOU MEMBRO"
"ADRIANA MELO LEITE";"nanameloleite@gmail.com";"06/07/1981";"FEMININO";"CASADO";"(83) 99313-0251";"58034-050";"JOÃO AGRIPINO";"JOÃO PESSOA";"PB";"IEB INTERMARES";"CLÁUDIO / JAQUELINE";"AGAPE";"SOU MEMBRO"
"RAYSSA ROBERTA DA SILVA";"Rayssaroberta793@gmail.com";"17/05/2011";"FEMININO";"SOLTEIRO";"+55 35 9122-1313";"58101-525";"POÇO";"CABEDELO";"PB";"IEB INTERMARES";"ADRIANA / KENEDY";"AGUA VIVA 2";"NÃO SOU MEMBRO"
"ILANA DE LIMA LINS";"";"1985-04-23";"FEMININO";"CASADO";"(83) 98803-5676";"58038-420";"MANAÍRA";"JOÃO PESSOA";"PB";"IEB INTERMARES";"SEM CÉLULA";"SEM CÉLULA";""
"LORENA SILVA TEIXEIRA SANTOS";"loreteixeira2@gmail.com";"1996-05-25";"FEMININO";"SOLTEIRO";"(83) 99634-1520";"58037-225";"JARDIM OCEANIA";"JOÃO PESSOA";"PB";"IEB INTERMARES";"ERIVALDO / LUCÍOLA";"HAGIOS";"SOU MEMBRO"
"SIMONE ARAUJO DA SILVA";"simone28araujos@gmail.com";"04/12/1977";"FEMININO";"SOLTEIRO";"(83) 97863-818";"58102-142";"INTERMARES";"CABEDELO";"PB";"IEB INTERMARES";"SIMONE";"S01";"SOU MEMBRO"
"KALINE FERREIRA NOBREGA";"";"20/11/1986";"FEMININO";"CASADO";"(83) 99625-5340";"58101-750";"PONTA DE CAMPINA";"CABEDELO";"PB";"IEB INTERMARES";"CAIO / BIANCA";"RIO DO LEÃO";"SOU MEMBRO"
"LUCAS PEREIRA DE CASTRO";"lucaspereiradecastropereira@gmail.com";"07/02/2009";"MASCULINO";"CASADO";"(83) 98692-0837";"58105-517";"JACARÉ";"CABEDELO";"PB";"IEB INTERMARES";"ADRIANA / KENEDY";"AGUA VIVA 2";"NÃO SOU MEMBRO"
"RAIMUNDA BATISTA DE OLIVEIRA ";"";"16/02/1961";"FEMININO";"SOLTEIRO";"(83) 98856-9179";"58103-036";"CAMALAÚ";"CABEDELO";"PB";"IEB Intermares";"JOSINALDO / ELAINE";"ATOS 4";"SOU MEMBRO"
"EMÍLIA FERNANDES";"emiliafernades@gmail.com";"1945-05-15";"FEMININO";"SOLTEIRO";"(67) 98127-1881";"58101-700";"PONTA DE CAMPINA";"CABEDELO";"PB";"IEB INTERMARES";"MARIA / NILMA";"MN01";"NÃO SOU MEMBRO"
"EMÍLIA DA SILVA SILVESTRE";"victorjuan4724@gmail.com";"2003-02-09";"FEMININO";"SOLTEIRO";"(83) 99990-7177";"58101-275";"INTERMARES";"CABEDELO";"PB";"IEB Intermares";"AIRTON / EMÍLIA";"HEAVEN";"SOU MEMBRO"
"4231058";"edsonsantos45674@gmail.com";"20/04/1990";"MASCULINO";"CASADO";"(83) 99327-8324";"58103-780";"JARDIM CAMBOINHA";"CABEDELO";"PB";"IEB INTERMARES";"GILBERTO / MARCIA";"AGUA VIVA 1";"SOU MEMBRO"
"RUDYELLE  JOSE DA SILVA PARREIRA";"";"23/07/1992";"MASCULINO";"CASADO";"(83) 98205-3963";"58030-216";"ESTADOS";"JOÃO PESSOA";"PB";"IEB INTERMARES";"RHODNEY / KAREN - ARCA";"ARCA";"NÃO SOU MEMBRO"
"ANNA LUÍSA CHAVES NASCIMENTO";"victorjuan4724@gmail.com";"2002-10-10";"FEMININO";"SOLTEIRO";"(83) 98714-5076";"58101-275";"PONTA DE MATOS ";"CABEDELO ";"PB";"IEB Intermares";"AIRTON / EMÍLIA";"HEAVEN";"SOU MEMBRO"
"AILTON ALVES DINIZ NETO";"netoailton2007@gmail.com";"2007-05-07";"MASCULINO";"SOLTEIRO";"+55 83 98674-8707";"58037-050";"JARDIM OCEANIA";"JOÃO PESSOA";"PB";"IEB INTERMARES";"ADRIANA / KENEDY";"AGUA VIVA 2";"SOU MEMBRO"
"ISLAINE CRISTINA SILVA NASCIMENTO ";"";"24/07/1986";"FEMININO";"CASADO";"(83) 98859-3359";"58100-168";"CENTRO";"CABEDELO";"PB";"IEB Intermares";"FERNANDES / ZELÂNDIA";"ATOS 3";"SOU MEMBRO"
"PATRICIA SALES FARIAS";"advpatriciasales@gmail.com";"23/07/1980";"FEMININO";"CASADO";"(83) 98729-7233";"58102-105";"INTERMARES";"CABEDELO";"PB";"IEB INTERMARES";"RICARDO / ROSANE";"KADOSH";"SOU MEMBRO"
"KAREN CRISTINA LIMEIRA MADRUGA";"";"1987-06-15";"FEMININO";"0";"(98)98850-8603";"";"INTERMARES";"CABEDELO";"PB";"IEB INTERMARES";"SEM CÉLULA";"SEM CÉLULA";"NÃO SOU MEMBRO"
"OLLYVER MARCEL MARTINS FERREIRA";"";"29/09/1983";"MASCULINO";"CASADO";"(83) 98802-5131";"";"IPES";"JOÃO PESSA";"PB";"IEB Intermares";"LEONARDO / LIDIA";"KAIROS";"SOU MEMBRO"
"GABRIEL BARBOSA DA SILVA";"";"2010-04-22";"MASCULINO";"SOLTEIRO";"(83) 99147-7949";"58101-312";"CAMBOINHA";"CABEDELO";"PB";"IEB INTERMARES";"EMILLY / MARIA";"ÁGUA VIVA 4";"NÃO SOU MEMBRO"
"MANOEL EMILIO DE SOUZA FILHO";"maemdesofi@gmail.com";"01/02/1974";"MASCULINO";"CASADO";"(21) 99182-1818";"58035-170";"BESSA";"JOÃO PESSOA";"PB";"IEB INTERMARES";"BELMIRO / MÔNICA";"LEÃO DE JUDÁ";"NÃO SOU MEMBRO"
"ÉRIKA  SAMARA DE ALBUQUERQUE VENTURA";"ericaventurajpb@gmail.com";"21/03/1979";"FEMININO";"CASADO";"(83) 98737-2203";"58101-582";"POÇO";"CABEDELO";"PB";"IEB INTERMARES";"BELMIRO / MÔNICA";"LEÃO DE JUDÁ";"SOU MEMBRO"
"VINICIUS CIRNE SILVA";"";"2000-01-01";"MASCULINO";"";"999769278";"";"AEROCLUBE";"JOÃO PESSOA";"PB";"IEB INTERMARES";"GUILHERME / MIGUEL / FILIPE";"FREEDOM BOYS";"SOU MEMBRO"
"MÁRCIO ALISSON GOMES RIBEIRO";"";"11/10/1972";"MASCULINO";"CASADO";"(83) 98887-3289";"";"CENTRO";"CABEDELO";"PB";"IEB Intermares";"FÁBIO / EDNALVA";"MANANCIAL";"NÃO SOU MEMBRO"
"ROBERTO JOSÉ  CHACON TAVARES";"";"2025-10-04";"MASCULINO";"CASADO";"(83) 99955-8969";"58102-322";"INTERMARES ";"CABEDELO";"PB";"IEB Intermares";"SEM CÉLULA";"SEM CÉLULA";"SOU MEMBRO"
"RUBIA ROSSANA DA SILVA CUSTÓDIO GEDEÃO";"";"0";"FEMININO";"0";"21980854316";"";"INTERMARES";"CABEDELO-PB";"PB";"IEB INTERMARES";"";"";"NÃO SOU MEMBRO"
"MARIA GOMES DE ARAÚJO";"maria.gomes@gmail.com";"1950-05-25";"FEMININO";"SOLTEIRO";"(61) 98183-2279";"58101-700";"PONTA DE CAMPINA";"CABEDELO";"PB";"IEB INTERMARES";"MARIA / NILMA";"MN01";"NÃO SOU MEMBRO"
"FERNANDO FIRMINO DE MACEDO SEGUNDO";"";"12/05/1992";"MASCULINO";"SOLTEIRO";"(83) 99886-2547";"58100-110";"CENTRO";"CABEDELO";"PB";"IEB INTERMARES";"ANDERSON / SAMARA";"PORTO";"SOU MEMBRO"
"JOÃO PEDRO RIBEIRO CIRNE";"joaopedrocirne@gmail.com";"2002-12-17";"MASCULINO";"SOLTEIRO";"(83) 98719-5502";"58106-022";"PORTAL DO POÇO";"CABEDELO";"PB";"IEB INTERMARES";"SEM CÉLULA";"SEM CÉLULA";"SOU MEMBRO"
"DIOGO PEREIRA";"";"17/11/1985";"MASCULINO";"SOLTEIRO";"(83) 98884-7303";"58101-572";"POÇO";"CABEDELO";"PB";"IEB INTERMARES";"SAMUEL / RAISSA";"MANÁ";"NÃO SOU MEMBRO"
"JOSE CARLOS BEZERRA CAVALCANTE";"josecarlosanflex@hotmail.com";"23/03/1974";"MASCULINO";"CASADO";"(83) 99810-1413";"58102-242";"INTERMARES";"CABEDELO";"PB";"IEB INTERMARES";"ROGÉRIO / LUCIÉLLEN";"AVIVAMENTO";"SOU MEMBRO"
"LUANA VITÓRIA DA SILVA LIMA";"luanavitoriasilvalima20@gmail.com";"2010-05-12";"FEMININO";"SOLTEIRO";"(83) 91616-602";"58103-212";"CAMALAÚ";"CABEDELO";"PB";"IEB INTERMARES";"FLÁVIO / LIVYA";"MARANATA";"SOU MEMBRO"
"SOFIA GALBERTO ARUASTE";"";"08/08/2013";"FEMININO";"SOLTEIRO";"83996779276";"";"CAMBOINHA";"CABEDELO";"PB";"IEB INTERMARES";"ANA / AMANDA";"FREEDOM";"NÃO SOU MEMBRO"
"FELIPE CAMPOS BRITTO PEREIRA ";"";"1987-11-26";"MASCULINO";"CASADO";"(83) 99651-1834";"";"MANAÍRA";"JOÃO PESSOA";"PB";"IEB Intermares";"SEM CÉLULA";"SEM CÉLULA";"SOU MEMBRO"
"SAULO ANDERSON NEVES DE LIMA";"";"31/03/1985";"MASCULINO";"CASADO";"(83) 99983-9595";"58102-252";"INTERMARES";"CABEDELO";"PB";"IEB INTERMARES";"SAULO / ERIKA";"ATALAIA";"SOU MEMBRO"
"ROSINEIDE CARVALHO FIDELES";"";"";"FEMININO";"";"83988555764";"";"ILHA DO BISPO";"JOÃO PESSOA";"PB";"IEB INTERMARES";"SEM CÉLULA";"SEM CÉLULA";"NÃO SOU MEMBRO"
"JOELMA ARAÚJO DE CAVALCANTE";"enfermeirajoelma@hotmail.com";"20/02/1974";"FEMININO";"CASADO";"(83) 98763-3530";"58102-242";"INTERMARES";"CABEDELO";"PB";"IEB INTERMARES";"ROGÉRIO / LUCIÉLLEN";"AVIVAMENTO";"SOU MEMBRO"
"SOLANGE APARECIDA DA SILVA";"sol.silva.cunha35@gmail.com";"07/06/1989";"FEMININO";"CASADO";"(83) 99101-1696";"58035-110";"BESSA";"JOÃO PESSOA";"PB";"IEB INTERMARES";"CLÁUDIO / JAQUELINE";"AGAPE";"SOU MEMBRO"
"INGRID LORRANA NEVES SOARES";"ingridlorrana211@gmail.com";"28/07/2001";"FEMININO";"CASADO";"(83) 99345-7668";"58102-133";"INTERMARES";"CABEDELO";"PB";"IEB INTERMARES";"PATRÍCIA";"ATOS 1";"NÃO SOU MEMBRO"
"AILSARA FACUNDES MUNIZ";"sararetete@gmail.com";"1977-07-07";"MASCULINO";"CASADO";"(61) 98179-1398";"58102-141";"INTERMARES";"CABEDELO";"PB";"IEB INTERMARES";"SEM CÉLULA";"SEM CÉLULA";"NÃO SOU MEMBRO"
"PATRICIA DA SILVEIRA DINIZ RODRIGUES";"patriciasdiniz@outlook.com";"15/12/1975";"FEMININO";"CASADO";"(83) 98807-8337";"58101-232";"AREIA DOURADA";"CABEDELO";"PB";"IEB INTERMARES";"GILBERTO / MARCIA";"AGUA VIVA 1";""
"DAVI RODRIGUES CÂNDIDO ARAÚJO";"";"2000-01-01";"MASCULINO";"";"0";"";"0";"CABEDELO";"PB";"IEB INTERMARES";"GUILHERME / MIGUEL / FILIPE";"FREEDOM BOYS";"NÃO SOU MEMBRO"
"JOSINALDO SERAFIM DO MONTE";"";"12/10/1976";"MASCULINO";"CASADO";"(83) 98869-0339";"58103-036";"CAMALAÚ";"CABEDELO";"PB";"IEB Intermares";"JOSINALDO / ELAINE";"ATOS 4";"SOU MEMBRO"
"BERNARDO LOPES CIRNE";"";"03/01/2020";"MASCULINO";"SOLTEIRO";"(83) 98230-9430";"58035-040";"BESSA";"JOÃO PESSOA";"PB";"IEB INTERMARES";"RAQUEL / ADEILDES";"VENCEDORES";"NÃO SOU MEMBRO"
"MARIA CAROLLYNE DE LIMA TRAVASSOS";"";"27/10/2002";"FEMININO";"SOLTEIRO";"(83) 98762-2710";"58100-263";"CENTRO";"CABEDELO";"PB";"IEB Intermares";"FERNANDES / ZELÂNDIA";"ATOS 3";"SOU MEMBRO"
"THIAGO ARAÚJO CAVALCANTE ";"rebeccalins17@gmail.com";"2003-04-11";"MASCULINO";"SOLTEIRO";"(83) 98897-5796";"";"INTERMARES";"CABEDELO ";"PB";"IEB Intermares";"THIAGO / NATÁLIA";"AWAKE";"SOU MEMBRO"
"HELENA DE MEDEIROS CRUZ";"";"12/11/2017";"FEMININO";"SOLTEIRO";"(83) 98873-2726";"58102-335";"INTERMARES";"CABEDELO";"PB";"IEB INTERMARES";"ANDREIA / VANDERLEI";"FLECHAS DO SENHOR 1";""
"GERLANE DE LOURDES NASCIMENTO NASCIMENTO DE ANDRADE";"gerlanelourdes101@gmail.com";"19/08/1975";"FEMININO";"SOLTEIRO";"(83) 99328-7872";"58100-206";"CENTRO";"CABEDELO";"PB";"IEB INTERMARES";"GILBERTO / MARCIA";"AGUA VIVA 1";""
"KAIQUE WALLACE DE OLIVEIRA FELIZARDO";"kaiquewallace1803@gmail.com";"2008-03-17";"MASCULINO";"SOLTEIRO";"(21) 97288-2570";"58106-548";"AMAZÔNIA PARK";"CABEDELO";"PB";"IEB INTERMARES";"SEM CÉLULA";"SEM CÉLULA";"NÃO SOU MEMBRO"
"MICHELLE CRISTINA DE SOUZA";"michelecristinal070809@gmail.com";"08/08/1991";"FEMININO";"SOLTEIRO";"(83) 99198-2265";"58103-718";"JARDIM CAMBOINHA";"CABEDELO";"PB";"IEB INTERMARES";"GILBERTO / MARCIA";"AGUA VIVA 1";"NÃO SOU MEMBRO"
"SIMONE MAXIMINO FIDELES";"caldinhosdamorena@gmail.com";"25/02/1989";"FEMININO";"SOLTEIRO";"(83) 99405-0537";"58103-772";"JARDIM CAMBOINHA";"CABEDELO";"PB";"IEB INTERMARES";"GILBERTO / MARCIA";"AGUA VIVA 1";""
"ADRIANO SOUTO CAMILO";"soutoadriano500@gmail.com";"1977-11-29";"MASCULINO";"SOLTEIRO";"(83) 99379-4945";"58103-454";"JARDIM MANGUINHOS";"CABEDELO";"PB";"IEB INTERMARES";"SEM CÉLULA";"SEM CÉLULA";"NÃO SOU MEMBRO"
"ELENICE FATIMA DE SOUZA ";"";"06/07/1960";"FEMININO";"SOLTEIRO";"(83) 98885-1853";"58101-385";"CAMBOINHA";"CABEDELO";"PB";"IEB Intermares";"RAQUEL";"SHAMMAR";""
"ANA CECILIA ALBUQUERQUE MENDES";"";"10/05/2014";"";"";"(83) 99868-5180";"58102-023";"INTERMARES";"CABEDELO";"PB";"IEB INTERMARES";"ANA / AMANDA";"FREEDOM";"SOU MEMBRO"
"JOHN ALAN NEVES NASCIMENTO";"";"28/02/1994";"MASCULINO";"CASADO";"(11) 96383-0835";"";"INTERMARES";"CABEDELO";"PB";"IEB Intermares";"RAMON / NAZELIA";"FILADÉLFIA";"SOU MEMBRO"
"JOAO HENRIQUE DA COSTA OLIVEIRA DE SOUSA MEDEIROS";"";"13/07/2018";"MASCULINO";"SOLTEIRO";"(83) 99952-7254";"58033-100";"BRISAMAR";"JOÃO PESSOA";"PB";"IEB INTERMARES";"RAQUEL / ADEILDES";"VENCEDORES";"NÃO SOU MEMBRO"
"LARISSA CIBELLE DE MELO SOUSA ARAÚJO.";"Larissacibelle18@hotmail.com";"09/11/1993";"FEMININO";"CASADO";"(83) 99873-3420";"58100-432";"SANTA CATARINA";"CABEDELO";"PB";"IEB INTERMARES";"ANDERSON / SAMARA";"PORTO";"SOU MEMBRO"
"JOSIMAR FRANÇA DA SILVA";"";"1966-06-13";"MASCULINO";"CASADO";"(83) 99863-8201";"";"CAMALAÚ ";"CABEDELO ";"PB";"IEB INTERMARES";"SEM CÉLULA";"SEM CÉLULA";"SOU MEMBRO"
"VINNICIUS CARVALHO FERREIRA";"";"15/12/2002";"MASCULINO";"CASADO";"(83) 99645-6034";"";"CENTRO";"CABEDELO";"PB";"IEB INTERMARES";"WALTER / JESSYKA";"FONTE";"SOU MEMBRO"
"ELÂNIA MARIA PORTO CARNEIRO PERAZZO";"elaniacarneiro@hotmail.com";"25/05/1962";"FEMININO";"CASADO";"+33 7 83 70 55 05";"58101-675";"PONTA DE CAMPINA";"CABEDELO";"PB";"IEB INTERMARES";"RAQUEL";"SHAMMAR";"NÃO SOU MEMBRO"
"NATÁLIA CÂNDIDA SILVA ANDRADE";"wemilly.lara@hotmail.com";"2000-11-17";"FEMININO";"SOLTEIRO";"(83) 98738-1811";"58101-830";"INTERMARES";"CABEDELO";"PB";"IEB Intermares";"THIAGO / NATÁLIA";"AWAKE";"SOU MEMBRO"
"MARIANA FELIX DA SILVA";"marianaflx195@gmail.com";"09/02/1995";"FEMININO";"SOLTEIRO";"(93) 99121-0403";"58103-171";"CAMALAÚ";"CABEDELO";"PB";"IEB INTERMARES";"FÁBIO / EDNALVA";"MANANCIAL";"SOU MEMBRO"
"MONIQUE ARNAUD BEZERRA";"";"2001-02-26";"FEMININO";"CASADO";"(83) 99103-4066";"";"INTERMARES";"CABEDELO";"PB";"IEB INTERMARES";"THIAGO / NATHALIA";"TN01";"SOU MEMBRO"
"JARDES DE ARAÚJO MENDONÇA";"jardesconsult2023@gmail.comj";"04/09/1973";"MASCULINO";"CASADO";"(83) 98760-0348";"58035-090";"BESSA";"JOÃO PESSOA";"PB";"IEB INTERMARES";"RICARDO / ROSANE";"KADOSH";"SOU MEMBRO"
"REGEANDERSON JOSÉ OLIVEIRA REGO";"regeandersonoliveira@gmail.com";"29/06/1982";"MASCULINO";"SOLTEIRO";"(83) 98634-1381";"58100-195";"CENTRO";"CABEDELO";"PB";"IEB Intermares";"GABRIEL / BARBARA";"ATOS 6";"SOU MEMBRO"
"DEMETRIUS TITAN PITA DE LIMA E SILVA";"zzdual@gmail.com";"08/11/2000";"MASCULINO";"SOLTEIRO";"(83) 99363-3428";"58102-252";"INTERMARES";"CABEDELO";"PB";"IEB INTERMARES";"SAULO / ERIKA";"ATALAIA";""
"AVANI FERREIRA LUCAS";"ani_jp_@hotmail.com";"17/06/1966";"FEMININO";"SOLTEIRO";"(83) 99639-7362";"58102-303";"INTERMARES";"CABEDELO";"PB";"IEB INTERMARES";"RAQUEL";"SHAMMAR";""
"MARTA REGINA BEZERRA LEAL";"martacarine3010@gmail.com";"29/10/1983";"FEMININO";"CASADO";"(71) 98779-8883";"58102-141";"INTERMARES";"CABEDELO";"PB";"IEB INTERMARES";"LINDEMBERG / ADRIANA / LUCIENE";"IDE";"SOU MEMBRO"
"SARAH SUELEM FERREIRA DOS SANTOS ";"";"31/07/1984";"FEMININO";"CASADO";"(83) 98723-6021";"";"BAIRRO DOS IPÊS ";"JOÃO PESSOA ";"PB";"IEB Intermares";"LEONARDO / LIDIA";"KAIROS";"SOU MEMBRO"
"DAVI FERREIRA NOBREGA";"";"27/12/2020";"MASCULINO";"SOLTEIRO";"";"";"";"";"";"IEB INTERMARES";"RAQUEL / ADEILDES";"VENCEDORES";"SOU MEMBRO"
"JANDIGLEY DE ASSIS SOUZA";"";"30/08/1972";"MASCULINO";"0";"988748499";"";"JARDIM CAMBOINHA";"CABEDELO";"PB";"IEB INTERMARES";"GUTEMBERG / ELAINE";"ATOS 2";"NÃO SOU MEMBRO"
"FARUSKA LEITE MATIAS DE ARAÚJO";"";"0";"FEMININO";"0";"83991265033";"";"INTERMARES";"CABEDELO";"PB";"IEB INTERMARES";"PATRÍCIA";"ATOS 1";"SOU MEMBRO"
"LORENA BARBOSA BELMONT ";"";"07/02/1987";"FEMININO";"SOLTEIRO";"(83) 99863-6246";"";"PONTA DE MATOS ";"CABEDELO ";"PB";"IEB Intermares";"SAMUEL / RAISSA";"MANÁ";"SOU MEMBRO"
"ANA LUÍSA DE JESUS RIBEIRO";"liviabruna008@gmail.com";"2003-06-19";"FEMININO";"SOLTEIRO";"(83) 98642-9123";"58102-162";"INTERMARES";"CABEDELO";"PB";"IEB Intermares";"SEM CÉLULA";"SEM CÉLULA";"SOU MEMBRO"
"ADAMAR FERNANDES DE OLIVEIRA";"";"1975-03-10";"MASCULINO";"CASADO";"(83) 99668-3738";"58101-160";"FORMOSA";"CABEDELO";"PB";"IEB INTERMARES";"SEM CÉLULA";"SEM CÉLULA";""
"WLADYA KAROLYNNE SANTANA PRAXEDES DO REGO";"wladya30@gmail.com";"28/09/1984";"FEMININO";"CASADO";"(83) 99145-8100";"58103-684";"JARDIM CAMBOINHA";"CABEDELO";"PB";"IEB INTERMARES";"LINDEMBERG / ADRIANA / LUCIENE";"IDE";""
"GYOVANNA DA COSTA RABENHORST";"gyrabenhorst@gmail.com";"1999-09-09";"FEMININO";"CASADO";"(83) 98161-1866";"58102-332";"INTERMARES";"CABEDELO";"PB";"IEB INTERMARES";"SEM CÉLULA";"SEM CÉLULA";"NÃO SOU MEMBRO"
"SAYONARA TAVARES SOUSA FERRER";"";"0";"FEMININO";"0";"83986503108";"";"MIRAMAR";"JOÃO PESSOA";"PB";"IEB INTERMARES";"ROGÉRIO / LUCIÉLLEN";"AVIVAMENTO";"SOU MEMBRO"
"ALICE FONTES ARAÚJO";"";"01/05/2017";"FEMININO";"SOLTEIRO";"(83) 98822-0450";"58101-114";"MONTE CASTELO";"CABEDELO";"PB";"IEB INTERMARES";"ANDREIA / VANDERLEI";"FLECHAS DO SENHOR 1";"SOU MEMBRO"
"TONY LUCAS CARDOSO SALES ";"kariline_martins@hotmail.com";"1995-03-13";"MASCULINO";"CASADO";"(83) 99907-1605";"58101-472";"POÇO ";"CABEDELO ";"PB";"IEB Intermares";"ARTHUR / LORENA";"AL01";"SOU MEMBRO"
"ALCINEIDE MIGUEL DOS SANTOS";"";"23/03/1972";"FEMININO";"";"83999968589";"";"PORTAL DO POÇO";"CABEDELO";"PB";"IEB INTERMARES";"ALDA";"A01";"NÃO SOU MEMBRO"
"RAIMUNDO ALVES DA SILVA JUNIOR";"";"1981-12-25";"MASCULINO";"CASADO";"(84) 99413-4539";"58102-322";"INTERMARES";"CABEDELO";"PB";"IEB Intermares";"SEM CÉLULA";"SEM CÉLULA";"SOU MEMBRO"
"YASMIM VITÓRIA CARVALHO DORNELAS";"Y12445639@gmail.com";"04/07/2008";"FEMININO";"SOLTEIRO";"+55 83 9942-3614";"58100-265";"CENTRO";"CABEDELO";"PB";"IEB INTERMARES";"ADRIANA / KENEDY";"AGUA VIVA 2";"NÃO SOU MEMBRO"
"EMANUELA RICARDA BORBUREMA DOS SANTOS";"";"20/02/1986";"FEMININO";"CASADO";"(83) 98812-6712";"";"JARDIM CAMBOINHA";"CABEDELO";"PB";"IEB INTERMARES";"ARTHUR / LORENA";"AL01";"SOU MEMBRO"
"NAJLA DE LIMA SANTOS";"";"07/05/1978";"FEMININO";"CASADO";"(83) 98651-3545";"58103-036";"CAMALAÚ";"CABEDELO";"PB";"IEB Intermares";"JOSINALDO / ELAINE";"ATOS 4";"SOU MEMBRO"
"LUCAS HENRIQUE SOUZA";"";"31/12/1998";"MASCULINO";"SOLTEIRO";"(83) 98805-0111";"58102-316";"INTERMARES";"CABEDELO";"PB";"IEB Intermares";"SAULO / ERIKA";"ATALAIA";"SOU MEMBRO"
"DAYLANA ELLEN FERREIRA DOS SANTOS";"dayllanaellen17@gmail.com";"22/09/1996";"FEMININO";"SOLTEIRO";"(83) 98890-3911";"";"CAMALAÚ ";"CABEDELO ";"PB";"IEB Intermares";"SAMUEL / RAISSA";"MANÁ";"SOU MEMBRO"
"CARLA";"";"02/03/2026";"FEMININO";"";"";"";"";"";"";"IEB INTERMARES";"MARIA / NILMA";"MN01";"NÃO SOU MEMBRO"
"THALITA ARAÚJO CAVALCANTE ";"";"2024-04-24";"FEMININO";"CASADO";"(83) 98773-3530";"";"INTERMARES ";"CABEDELO ";"PB";"IEB Intermares";"SEM CÉLULA";"SEM CÉLULA";"SOU MEMBRO"
"AILDA GONCALVES FORMIGA";"";"16/02/1982";"FEMININO";"CASADO";"(83) 99601-8227";"58102-322";"INTERMARES";"CABEDELO";"PB";"IEB Intermares";"ALLAN / AILDA";"SHOFAR";"SOU MEMBRO"
"VANESSA BRASILEIRO DE ARAÚJO";"nessabr1972@gmail.com";"1972-01-22";"FEMININO";"SOLTEIRO";"(83) 99872-7708";"58102-151";"INTERMARES";"CABEDELO";"PB";"IEB INTERMARES";"SEM CÉLULA";"SEM CÉLULA";"NÃO SOU MEMBRO"
"LAVÍNIA GABRIELA BORBUREMA DOS SANTOS";"laviniabeli53@gmail.com";"14/12/2012";"FEMININO";"SOLTEIRO";"(83) 99852-5545";"58103-676";"JARDIM CAMBOINHA";"CABEDELO";"PB";"IEB INTERMARES";"ANA / AMANDA";"FREEDOM";"SOU MEMBRO"
"JOSE VENTURA DOS SANTOS JUNIOR";"jvcomercialpb@gmail.com";"27/05/1976";"MASCULINO";"CASADO";"(83) 98131-1436";"58101-582";"POÇO";"CABEDELO";"PB";"IEB INTERMARES";"BELMIRO / MÔNICA";"LEÃO DE JUDÁ";"SOU MEMBRO"
"JHOSEF BRHAYAN BUBÉ DE ARAÚJO EVANGELISTA";"";"2008-09-17";"MASCULINO";"SOLTEIRO";"(83) 9 9950-3563";"58102122";"INTERMARES";"CABEDELO";"PB";"IEB INTERMARES";"CLOVIS / LÍVIA";"ROCKS";"SOU MEMBRO"
"THALES RAMON MACIEL RIBEIRO";"thalesramonmr@hotmail.com";"27/04/1993";"MASCULINO";"CASADO";"(83) 98835-7034";"58103-689";"JARDIM CAMBOINHA";"CABEDELO";"PB";"IEB INTERMARES";"ARTHUR / LORENA";"AL01";"SOU MEMBRO"
"MIGUEL OLIVEIRA DE SOUZA";"";"2007-12-28";"MASCULINO";"SOLTEIRO";"(61) 99255-0953";"";"INTERMARES ";"CABEDELO ";"PB";"IEB INTERMARES";"CLOVIS / LÍVIA";"ROCKS";"NÃO SOU MEMBRO"
"KAREN K OLIVEIRA PINTO";"";"27/10/1992";"FEMININO";"CASADO";"(61) 98300-0680";"58035-320";"BESSA";"JOÃO PESSOA";"PB";"IEB INTERMARES";"RHODNEY / KAREN - ARCA";"ARCA";"SOU MEMBRO"
"ERALDO TAVARES DA SILVA";"eraldotavares649@gmail.com";"1988-06-01";"MASCULINO";"SOLTEIRO";"(21) 99814-0466";"58102-120";"INTERMARES";"CABEDELO";"PB";"IEB INTERMARES";"RICARDO / ROSANE";"KADOSH";"NÃO SOU MEMBRO"
"ANA PAULA DOS SANTOS TRIGUEIRO";"";"22/08/1993";"FEMININO";"CASADO";"(83) 98617-8263";"";"CENTRO ";"CABEDELO ";"PB";"IEB Intermares";"SAMUEL / RAISSA";"MANÁ";"SOU MEMBRO"
"MARIA LIMEIRA MADRUGA";"";"20/02/2021";"FEMININO";"SOLTEIRO";"(83) 98850-8603";"58102-332";"INTERMARES";"CABEDELO";"PB";"IEB INTERMARES";"RAQUEL / ADEILDES";"VENCEDORES";""
"JÉSSICA PRISCILA DA SILVA MESQUITA ";"hebertw17@gmail.com";"1992-12-30";"FEMININO";"CASADO";"(83) 98853-7282";"58106-238";"PRAIA DO POÇO ";"CABEDELO ";"PB";"IEB Intermares";"SEM CÉLULA";"SEM CÉLULA";"SOU MEMBRO"
"ROSÂNGELA BRUNO NEVES CARNEIRO DE ANDRADE";"eduardocarneiroandrade@gmail.com";"07/09/1969";"FEMININO";"CASADO";"(83) 99320-2682";"58102-031";"INTERMARES";"CABEDELO";"PB";"IEB INTERMARES";"ADVANILTON / EDVÂNIA";"AE01";"NÃO SOU MEMBRO"
"JOQUEBEDE GONÇALVES DA SILVA";"joquebedegoncalves@outlook.com";"1995-05-25";"FEMININO";"SOLTEIRO";"(83) 98603-2950";"58103-718";"JARDIM CAMBOINHA";"CABEDELO";"PB";"IEB INTERMARES";"JOAO / SHIRLEY";"JS01";"NÃO SOU MEMBRO"
"MARIA EDUARDA RODRIGUES FERNANDES";"flavianasilvarodrigues32@gmail.com";"2012-11-01";"FEMININO";"SOLTEIRO";"(83) 99868-2243";"58103-718";"JARDIM CAMBOINHA";"CABEDELO";"PB";"IEB INTERMARES";"EMILLY / MARIA";"ÁGUA VIVA 4";"SOU MEMBRO"
"ANA JÚLIA GOMES RODRIGUES";"";"2007-12-23";"FEMININO";"SOLTEIRO";"‪+55 83 98627‑2412‬";"";"INTERMARES ";"CABEDELO ";"PB";"IEB INTERMARES";"EDUARDO / NICOLLY";"EN01";"SOU MEMBRO"
"CAIO RHODOLFO LIMA FONSECA";"";"03/07/1990";"MASCULINO";"CASADO";"(83) 99817-6051";"58037-205";"JARDIM OCEANIA";"JOÃO PESSOA";"PB";"IEB INTERMARES";"CAIO / BIANCA";"RIO DO LEÃO";"SOU MEMBRO"
"VITÓRIA MAGALHÃES DE LIMA SANTOS";"vitooria49@gmail.com";"1997-04-17";"FEMININO";"SOLTEIRO";"(69) 98158-2710";"58101-700";"PONTA DE CAMPINA";"CABEDELO";"PB";"IEB INTERMARES";"MARIA / NILMA";"MN01";"NÃO SOU MEMBRO"
"BERNARDO RODRIGUES DA COSTA QUINTANS";"";"06/04/2016";"MASCULINO";"SOLTEIRO";"(83) 98886-5900";"58102-141";"INTERMARES";"CABEDELO";"PB";"IEB INTERMARES";"ANDREIA / VANDERLEI";"FLECHAS DO SENHOR 1";""
"IVETE DE ANDRADE RODRIGUES";"ivete.ar@hotmail.com";"13/02/1959";"FEMININO";"CASADO";"(83) 98843-1533";"58102-062";"INTERMARES";"CABEDELO";"PB";"IEB INTERMARES";"SOU COORDENADOR DE REDE";"";"SOU MEMBRO"
"GABRIELLE PERRUSI VIEIRA ";"";"24/06/2001";"FEMININO";"SOLTEIRO";"(83) 99602-7729";"";"BESSA";"JOÃO PESSOA";"PB";"IEB Intermares";"GABRIEL / REBECCA";"ZOE";"SOU MEMBRO"
"LUIS FILIPE FONTANA";"Tiofocadi@gmail.com";"22/01/2007";"MASCULINO";"SOLTEIRO";"(11) 91234-3863";"58102-141";"INTERMARES";"CABEDELO";"PB";"IEB INTERMARES";"RUBENS / ISAC";"AGUA VIVA 3";"SOU MEMBRO"
"THOMAS VIANA CARDOSO DE FRANÇA";"";"07/03/2021";"MASCULINO";"SOLTEIRO";"";"";"";"";"";"IEB INTERMARES";"RAQUEL / ADEILDES";"VENCEDORES";"SOU MEMBRO"
"ANNA PIETRA MELO DE ANDRADE";"anapietra2008@outlook.com";"2008-12-14";"FEMININO";"SOLTEIRO";"(83) 98662-1434";"58106-562";"AMAZÔNIA PARK";"CABEDELO";"PB";"IEB INTERMARES";"CLOVIS / LÍVIA";"ROCKS";"SOU MEMBRO"
"LIZIANE DE MEDEIROS C LEMOS";"";"17/06/1985";"FEMININO";"CASADO";"(83) 98827-9571";"58051-592";"BANCÁRIOS";"JOÃO PESSOA";"PB";"IEB INTERMARES";"RHODNEY / KAREN - ARCA";"ARCA";""
"ERICA MARIA FERREIRA DE MOTA";"";"01/10/1992";"FEMININO";"SOLTEIRO";"(83) 99610-9384";"58103-775";"JARDIM CAMBOINHA";"CABEDELO";"PB";"IEB Intermares";"GILBERTO / MARCIA";"AGUA VIVA 1";"NÃO SOU MEMBRO"
"WALKIRIA APARECIDA QUEIROZ ROSA";"walkiria_agr@hotmail.com";"27/02/1959";"FEMININO";"CASADO";"(19) 99291-1761";"58101-670";"PONTA DE CAMPINA";"CABEDELO";"PB";"IEB INTERMARES";"ADVANILTON / EDVÂNIA";"AE01";"NÃO SOU MEMBRO"
"MARIA FERNANDA FERREIRA MIRANDA";"";"2014-05-29";"FEMININO";"SOLTEIRO";"(21) 98521-1040";"58037-030";"JARDIM OCEANIA";"JOÃO PESSOA";"PB";"IEB INTERMARES";"SEM CÉLULA";"SEM CÉLULA";"NÃO SOU MEMBRO"
"GABRIELA ALVES FERNANDES";"";"20/05/2000";"FEMININO";"SOLTEIRO";"(85) 99839-4101";"";"INTERMARES";"CABEDELO";"PB";"IEB INTERMARES";"MARIANA / ANA";"MA01";"SOU MEMBRO"
"GUSTAVO PERRUSI VIEIRA";"gustavoperruci@hotmail.com";"1994-08-27";"MASCULINO";"CASADO";"(83) 99912-7728";"";"INTERMARES";"CABEDELO";"PB";"IEB Intermares";"GUSTAVO / MARIANA";"HEAVEN";"SOU MEMBRO"
"MARIA INEZ MARQUES DE LIMA ";"sarafernandes@gmai.com";"1976-04-25";"FEMININO";"SOLTEIRO";"(83) 99314-5613";"58101-700";"PONTA DE CAMPINA ";"CABEDELO ";"PB";"IEB Intermares";"MARIA / NILMA";"MN01";""
"ALITHCIA FERREIRA DE LIMA FONSECA";"";"08/05/2007";"FEMININO";"SOLTEIRO";"(83) 99119-9524";"";"MANGABEIRA ";"JOÃO PESSOA ";"PB";"IEB INTERMARES";"ANNA / PIETRA";"DYNAMUS GIRLS 2";"SOU MEMBRO"
"LEONARDO COELHO FREIRE";"leocfreire@gmail.com";"1974-09-28";"MASCULINO";"CASADO";"(83) 99933-8632";"58101-740";"PONTA DE CAMPINA";"CABEDELO";"PB";"IEB INTERMARES";"CAVALCANTE / CONCEIÇÃO";"VINDE A MIM";"NÃO SOU MEMBRO"
"ADEMI FERREIRA DE SOUZA";"ademigodim@gmail.com.br";"16/11/1964";"FEMININO";"CASADO";"(83) 98660-1298";"58102-162";"INTERMARES";"CABEDELO";"PB";"IEB Intermares";"BELMIRO / MÔNICA";"LEÃO DE JUDÁ";"SOU MEMBRO"
"MARCO ANTÔNIO FARIA RAMOS";"marcordt@hotmail.com";"09/01/1967";"MASCULINO";"CASADO";"(21) 96446-7514";"58045-110";"CABO BRANCO";"JOÃO PESSOA";"PB";"IEB INTERMARES";"CLÁUDIO / JAQUELINE";"AGAPE";"SOU MEMBRO"
"ARNAUD FARIAS RESENDE";"";"18/07/2014";"MASCULINO";"SOLTEIRO";"+55 89 9403-2984";"58101-002";"MONTE CASTELO";"CABEDELO";"PB";"IEB INTERMARES";"GUILHERME / MIGUEL / FILIPE";"FREEDOM BOYS";"NÃO SOU MEMBRO"
"PEDRO MIGUEL ANGEL MENDES RIBEIRO GERSTNER";"";"09/08/2013";"MASCULINO";"SOLTEIRO";"98391550";"";"RUA GOLFO DE BISCAIA";"CABEDELO";"PB";"IEB INTERMARES";"GUILHERME / MIGUEL / FILIPE";"FREEDOM BOYS";"NÃO SOU MEMBRO"
"SEBASTIANA MOURA SE SUUSA";"sebamoura1973@gmail.com";"03/04/1973";"FEMININO";"SOLTEIRO";"(83) 99173-6598";"58102-076";"INTERMARES";"CABEDELO";"PB";"IEB INTERMARES";"NATIVA";"SHEKINAH";""
"DAVI LUIS SILVA DE ABREU";"";"17/12/2013";"MASCULINO";"SOLTEIRO";"(83)98765-3940";"";"INTERMARES";"CABEDELO";"PB";"IEB INTERMARES";"GUILHERME / MIGUEL / FILIPE";"FREEDOM BOYS";"NÃO SOU MEMBRO"
"BENJAMIN QUEIROZ DE OLIVEIRA";"";"31/12/2014";"MASCULINO";"SOLTEIRO";"(83) 99102-3661";"58102-142";"INTERMARES";"CABEDELO";"PB";"IEB INTERMARES";"GUILHERME / MIGUEL / FILIPE";"FREEDOM BOYS";"SOU MEMBRO"
"MANOEL CASSIANO JÚNIOR";"";"22/05/1984";"MASCULINO";"CASADO";"(83) 98794-8821";"58105-810";"JACARÉ";"CABEDELO";"PB";"IEB VILA FELIZ";"";"";"NÃO SOU MEMBRO"
"ARTHURO LIRA AMADO";"";"03/06/2014";"MASCULINO";"SOLTEIRO";"(83) 99821-8800";"58102-236";"INTERMARES";"CABEDELO";"PB";"IEB INTERMARES";"GUILHERME / MIGUEL / FILIPE";"FREEDOM BOYS";""
"ANDRIELY VITÓRIA DE FREITAS NASCIMENTO";"";"15/03/2005";"FEMININO";"SOLTEIRO";"(83) 99932-1277";"58100-233";"CENTRO";"CABEDELO";"PB";"IEB Intermares";"GABRIEL / BARBARA";"ATOS 6";"SOU MEMBRO"
"HEBERT WILLIAN SILVA";"hebertw17@gmail.com";"1995-07-19";"MASCULINO";"CASADO";"(83) 99662-5546";"58106-238";"PORTAL DO POÇO";"CABEDELO";"PB";"IEB INTERMARES";"THIAGO / NATHALIA";"TN01";"SOU MEMBRO"
"VIRIDIANA DE DEUS ALENQUER ANDRADE";"vivi85260@gmail.com";"26/02/1979";"FEMININO";"CASADO";"(83988226253";"58037-760";"JARDIM OCEANIA";"JOÃO PESSOA";"PB";"IEB INTERMARES";"GUTEMBERG / ELAINE";"ATOS 2";"NÃO SOU MEMBRO"
"MARCILENE RIBEIRO DA SILVA CIRNE";"ribeiromarcilene31@gmail.com.br";"19/12/1978";"FEMININO";"CASADO";"(83) 99964-8162";"58106-022";"PORTAL DO POÇO";"CABEDELO";"PB";"IEB INTERMARES";"HELLISSON / CHARLENE";"ADONAI";"SOU MEMBRO"
"RUAN ARAÚJO DA SILVA";"Ruanaraujosilva97@gmail.com";"11/03/1977";"MASCULINO";"SOLTEIRO";"(61) 98198-8007";"58102-177";"INTERMARES";"CABEDELO";"PB";"IEB INTERMARES";"SIMONE";"S01";"NÃO SOU MEMBRO"
"SOFIA LIMEIRA MADRUGA";"";"30/09/2017";"FEMININO";"SOLTEIRO";"(83) 98850-8603";"58102-332";"INTERMARES";"CABEDELO";"PB";"IEB INTERMARES";"ANDREIA / VANDERLEI";"FLECHAS DO SENHOR 1";""
"JOSEANE MARTIMIANI PASCARELLI";"";"12/03/1984";"FEMININO";"CASADO";"(92) 98260-0523";"";"JARDIM OCEANIA";"JOÃO PESSOA";"PB";"IEB INTERMARES";"SAMUEL / RAISSA";"MANÁ";"SOU MEMBRO"
"DOUGLAS FERREIRA DA COSTA";"costadouglaspb@gmail.com";"1981-11-09";"MASCULINO";"CASADO";"(83) 98156-3113";"58101-640";"PONTA DE CAMPINA";"CABEDELO";"PB";"IEB Intermares";"SEM CÉLULA";"SEM CÉLULA";"SOU MEMBRO"
"LUDMILA DA COSTA PENHA SILVA";"ludmilada@costa.com.br";"1997-02-03";"FEMININO";"SOLTEIRO";"(61) 98260-6874";"58102-177";"INTERMARES";"CABEDELO";"PB";"IEB INTERMARES";"SEM CÉLULA";"SEM CÉLULA";"NÃO SOU MEMBRO"
"JOYCE MONTEIRO";"joyyce.jo1995@gmail.com";"26/08/1995";"FEMININO";"CASADO";"(67) 99330-4443";"58035-340";"BESSA";"JOÃO PESSOA";"PB";"IEB Intermares";"SAULO / ERIKA";"ATALAIA";"SOU MEMBRO"
"JEREMIAS ARAÚJO DA SILVA";"Jeeremiasaraujo1981@gmail.com";"18/07/1981";"MASCULINO";"CASADO";"(83) 98723-7284";"58102-142";"INTERMARES";"CABEDELO";"PB";"IEB INTERMARES";"SIMONE";"S01";"SOU MEMBRO"
"FLÁVIO ROGÉRIO FIRMINO DE ARAÚJO";"";"0";"MASCULINO";"0";"83987347444";"";"INTERNARES";"CABEDELO";"PB";"IEB INTERMARES";"ROGÉRIO / LUCIÉLLEN";"AVIVAMENTO";"SOU MEMBRO"
"JOSELMA COSTA CIRNE";"";"2000-01-01";"FEMININO";"0";"83999787310";"";"BESSA";"JOÃO PESSOA";"PB";"IEB INTERMARES";"GUTEMBERG / ELAINE";"ATOS 2";"SOU MEMBRO"
"NICOLY EVELIN AVELINO MENDONÇA";"";"19/08/2009";"FEMININO";"SOLTEIRO";"(83) 99617-4781";"";"BESSA";"JOÃO PESSOA";"PB";"IEB Intermares";"LÍVIA / NATÁLIA";"ZION GIRLS";"SOU MEMBRO"
"KAUÃ DE OLIVEIRA FELIZARDO";"";"19/03/2006";"MASCULINO";"SOLTEIRO";"(83) 98689-1471";"58103-718";"JARDIM CAMBOINHA";"CABEDELO";"PB";"IEB Intermares";"GILBERTO / MARCIA";"AGUA VIVA 1";"SOU MEMBRO"
"ROBERTO PRAZERES DE ALMEIDA";"";"1970-09-28";"MASCULINO";"CASADO";"(84) 99109-6565";"58102-322";"POÇO";"CABEDELO";"PB";"IEB Intermares";"SEM CÉLULA";"SEM CÉLULA";"NÃO SOU MEMBRO"
"LAURISA BARBOSA BARROSO TRINDADE";"";"28/02/1999";"FEMININO";"CASADO";"(96) 99120-8530";"";"AMAZON PARK ";"CABEDELO ";"PB";"IEB INTERMARES";"ANDERSON / LAURISA";"EFATÁ";"SOU MEMBRO"
"GEANDERSON DE OLIVEIRA REGO";"";"07/07/1983";"MASCULINO";"CASADO";"(21) 96572-9371";"";"CENTRO";"CABEDELO";"PB";"IEB Intermares";"ANDERSON / SAMARA";"PORTO";"SOU MEMBRO"
"RAYSSA CAMILATO PIZETA";"";"2000-10-28";"FEMININO";"SOLTEIRO";"(28) 99975-8520";"58102-071";"INTERMARES";"CABEDELO";"PB";"IEB INTERMARES";"EVELLYN / FERNANDA";"EF01";"NÃO SOU MEMBRO"
"ROSANE DO CARMO DE JESUS RIBEIRO";"";"16/03/1978";"FEMININO";"CASADO";"(83) 98848-2829";"";"INTERMARES";"CABEDELO";"PB";"IEB Intermares";"RICARDO / ROSANE";"KADOSH";"SOU MEMBRO"
"RIQUELME PEDRO JANUARIO DA SILVA";"riquelme101012@gmail.com";"03/06/2007";"MASCULINO";"SOLTEIRO";"(83) 99162-7240";"58106-548";"AMAZÔNIA PARK";"CABEDELO";"PB";"IEB INTERMARES";"RUBENS / ISAC";"AGUA VIVA 3";"SOU MEMBRO"
"VALDETE SOBRAL DO NASCIMENTO";"";"07/08/1973";"FEMININO";"CASADO";"(83) 99188-8779";"58102-133";"INTERMARES";"CABEDELO";"PB";"IEB Intermares";"JAIRO / ROSANA";"MORIAH";"SOU MEMBRO"
"REBECCA ELLEN LINS PAIVA";"rebeccalins17@gmail.com";"2001-03-16";"FEMININO";"SOLTEIRO";"(83) 98767-9736";"";"BESSA";"JOÃO PESSOA";"PB";"IEB Intermares";"THIAGO / NATÁLIA";"AWAKE";"SOU MEMBRO"
"SOPHIA RIBEIRO CIRNE";"";"05/11/2009";"FEMININO";"SOLTEIRO";"‪+55 83 99351‑8794‬";"";"INTERMARES ";"CABEDELO ";"PB";"IEB INTERMARES";"LÍVIA / NATÁLIA";"ZION GIRLS";"SOU MEMBRO"
"PEDRO LEANDRO DA SILVA";"";"2000-01-01";"MASCULINO";"0";"83988736091";"58036-190";"BESSA";"JOÃO PESSOA - PB";"PB";"IEB INTERMARES";"SEM CÉLULA";"SEM CÉLULA";"NÃO SOU MEMBRO"
"YURI BARBOSA DOS SANTOS ERNESTO ";"";"03/08/2006";"MASCULINO";"SOLTEIRO";"(83) 99999-8629";"";"CAMBOINHA ";"CABEDELO";"PB";"IEB Intermares";"JOHN / KAMYLLE";"DYNAMUS";"SOU MEMBRO"
"CATARINA FERNANDES  GUIMARÃES";"";"11/10/2016";"FEMININO";"SOLTEIRO";"(83) 98765-3940";"58106-402";"AMAZÔNIA PARK";"CABEDELO";"PB";"IEB INTERMARES";"ANDREIA / VANDERLEI";"FLECHAS DO SENHOR 1";"SOU MEMBRO"
"NADJA FERRARO MORAIS DE MENEZES";"nferraromorais@gmail.com";"24/06/1969";"FEMININO";"CASADO";"(83) 99870-6472";"58102-156";"INTERMARES";"CABEDELO";"PB";"IEB INTERMARES";"FABRÍCIO / NADJA";"SOL DA JUSTIÇA";"SOU MEMBRO"
"THALLYS HENRIQUE ALVES SILVA";"loreteixeira2@gmail.com";"1995-06-07";"MASCULINO";"SOLTEIRO";"(83) 99833-3538";"58037-225";"RANGEL ";"JOÃO PESSOA ";"PB";"IEB Intermares";"SEM CÉLULA";"SEM CÉLULA";"SOU MEMBRO"
"DAVI LUCAS ARNAUD BERNARDO";"";"28/11/2014";"MASCULINO";"SOLTEIRO";"+55 83 8669-0709";"58101002";"MONTE CASTELO";"CABEDELO";"PB";"IEB INTERMARES";"GUILHERME / MIGUEL / FILIPE";"FREEDOM BOYS";"SOU MEMBRO"
"FÁTIMA ARAÚJO DE SOUZA";"fatvit2014@gmail.com";"11/03/1977";"FEMININO";"CASADO";"(21) 99311-2953";"58035-170";"BESSA";"JOÃO PESSOA";"PB";"IEB INTERMARES";"BELMIRO / MÔNICA";"LEÃO DE JUDÁ";"NÃO SOU MEMBRO"
"JOSE JHONATA SOUZA SILVA";"jhonataxtz6@gmail.com";"13/12/2001";"MASCULINO";"CASADO";"(83) 98862-8672";"58102-120";"INTERMARES";"CABEDELO";"PB";"IEB INTERMARES";"ANDERSON / LAURISA";"EFATÁ";"NÃO SOU MEMBRO"
"SAYMON MAGALHÃES DE LIMA SANTOS";"";"2006-12-02";"MASCULINO";"SOLTEIRO";"(83) 99359-8913";"";"PONTA DE CAMPINA ";"CABEDELO ";"PB";"IEB INTERMARES";"JOHN / SAYMON / LUCAS";"OVERFLOW";"SOU MEMBRO"
"IGO FERREIRA CAVALCANTE";"aline.bezerra31@gmail.com";"1981-09-17";"MASCULINO";"CASADO";"(83) 99620-6961";"58102-141";"CAMALAÚ";"CABEDELO";"PB";"IEB Intermares";"BERNADETE / JAMILLY";"MAANAIM 2";"NÃO SOU MEMBRO"
"ENZO GABRIEL LEITE";"";"12/07/2015";"MASCULINO";"SOLTEIRO";"(83) 99313-0251";"58034-050";"JOÃO AGRIPINO";"JOÃO PESSOA";"PB";"IEB INTERMARES";"ANDREIA / VANDERLEI";"FLECHAS DO SENHOR 1";"SOU MEMBRO"
"VIVIANE RIVEROS SILVA";"riveros.viviane@gmail.com";"05/09/1991";"FEMININO";"SOLTEIRO";"(63) 98411-4455";"58102-023";"INTERMARES";"CABEDELO";"PB";"IEB INTERMARES";"ROGÉRIO / LUCIÉLLEN";"AVIVAMENTO";"NÃO SOU MEMBRO"
"ALYSSON SAMUEL BATISTA DE AMORIM";"al_amorim@outlook.com.br";"17/06/2024";"MASCULINO";"CASADO";"(83) 99117-3924";"";"INTERMARES";"CABEDELO";"PB";"IEB Intermares";"SAMUEL / RAISSA";"MANÁ";"SOU MEMBRO"
"JULIANA BENTO DOS SANTOS SATURNINO";"julyanaandrade1250@gmail.com";"17/03/2001";"FEMININO";"SOLTEIRO";"(83) 98767-7430";"58102-162";"INTERMARES";"CABEDELO";"PB";"IEB INTERMARES";"GABRIEL / RAYZA";"PENIEL";"SOU MEMBRO"
"KAROLYNE DE ARAÚJO OLIVEIRA BARBOSA";"";"16/04/1996";"FEMININO";"CASADO";"(83) 98732-4164";"";"MANGABEIRA ";"JOÃO PESSOA";"PB";"IEB Intermares";"RAMON / NAZÉLIA";"FILADÉLFIA";"SOU MEMBRO"
"YASMIN MARIA BRAGA DE OLIVEIRA";"";"11/08/2019";"FEMININO";"SOLTEIRO";"";"";"";"";"";"IEB INTERMARES";"RAQUEL / ADEILDES";"VENCEDORES";""
"JANETE LEANDRO MINERVINO ";"";"1968-10-07";"FEMININO";"SOLTEIRO";"(61) 98581-8830";"58038-420";"INTERMARES";"CABEDELO";"PB";"IEB Intermares";"SEM CÉLULA";"SEM CÉLULA";"NÃO SOU MEMBRO"
"DANIEL AZAF FERREIRA DA SILVA";"joaopedrocirne@gmail.com";"1995-07-06";"MASCULINO";"SOLTEIRO";"(83) 99867-4518";"58106-022";"INTERMARES";"CABEDELO";"PB";"IEB Intermares";"ANDERSON / LAURISA";"EFATÁ";"SOU MEMBRO"
"BENÍCIO DO Ó RAFFANI DOS SANTOS";"";"19/05/2016";"MASCULINO";"SOLTEIRO";"(83) 99879-0920";"58035-070";"BESSA";"JOÃO PESSOA";"PB";"IEB INTERMARES";"VANDERLEI / ANDRÉA";"FLECHAS DO SENHOR 1";"SOU MEMBRO"
"MARIA DA CONCEIÇÃO SANTOS CAVALCANTE";"ceica.conceicao66@gmail.com";"1966-11-30";"FEMININO";"CASADO";"(83) 98810-1350";"58102-222";"INTERMARES";"CABEDELO";"PB";"IEB INTERMARES";"CAVALCANTE / CONCEIÇÃO";"VINDE A MIM";"NÃO SOU MEMBRO"
"ERINALDO DOS SANTOS";"";"0";"MASCULINO";"CASADO";"0";"";"INTERMARES";"CABEDELO";"PB";"IEB INTERMARES";"ALDA";"A01";"NÃO SOU MEMBRO"
"SAMARA DA SILVA BARBOSA";"samarasilva1035@icloud.com";"02/04/1984";"FEMININO";"SOLTEIRO";"(83) 99997-1834";"58108-301";"RENASCER";"CABEDELO";"PB";"IEB INTERMARES";"GILBERTO / MARCIA";"AGUA VIVA 1";""
"SARA FERNANDES";"sarafernandes@gmai.com";"1950-02-25";"FEMININO";"SOLTEIRO";"(67) 98185-2222";"58101-700";"PONTA DE CAMPINA";"CABEDELO";"PB";"IEB INTERMARES";"MARIA / NILMA";"MN01";"NÃO SOU MEMBRO"
"ANTONIO GONDIM  NETO";"antoniogodim@gmail.com.br";"12/06/1963";"MASCULINO";"CASADO";"(83) 98862-7727";"58102-162";"INTERMARES";"CABEDELO";"PB";"IEB Intermares";"BELMIRO / MÔNICA";"LEÃO DE JUDÁ";"SOU MEMBRO"
"NICOLAS MARCEL MARTINS DOS SANTOS";"";"01/08/2017";"MASCULINO";"SOLTEIRO";"(83) 98723-6021";"58028-700";"IPÊS";"JOÃO PESSOA";"PB";"IEB INTERMARES";"ANDREIA / VANDERLEI";"FLECHAS DO SENHOR 1";"NÃO SOU MEMBRO"
"SANDRA EDWIGES DO Ó SILVA";"ssansandraesilva@gmail.com";"14/12/1966";"FEMININO";"CASADO";"(83) 99146-0010";"58035-040";"BESSA";"JOÃO PESSOA";"PB";"IEB INTERMARES";"GUTEMBERG / ELAINE";"ATOS 2";"NÃO SOU MEMBRO"
"MARIA DO SOCORRO DA M D CARVALHO ";"";"22/11/1962";"FEMININO";"CASADO";"83 999059585";"58102322";"INTERMARES";"CABEDELO";"PB";"IEB Intermares";"ALLAN / AILDA";"SHOFAR";"SOU MEMBRO"
"JENIFER LUIZA ANDRADE DA SILVA";"jenneferluizaandradedasilva@gmail.com";"20/06/2005";"FEMININO";"SOLTEIRO";"(83) 99604-0979";"58106-097";"PORTAL DO POÇO";"CABEDELO";"PB";"IEB INTERMARES";"GILBERTO / MARCIA";"AGUA VIVA 1";""
"MARIA DELVAIR RIBEIRO";"";"2000-01-01";"FEMININO";"";"83993440416";"58036-190";"BESSA";"JOÃO PESSOA";"PB";"IEB INTERMARES";"GUTEMBERG / ELAINE";"ATOS 2";"SOU MEMBRO"
"EDVÂNIA SOARES DA SILVA";"edvaniasoares00@gmail.com";"23/01/1975";"FEMININO";"CASADO";"(83) 99988-5162";"58101-670";"PONTA DE CAMPINA";"CABEDELO";"PB";"IEB INTERMARES";"ADVANILTON / EDVÂNIA";"AE01";"NÃO SOU MEMBRO"
"ISAQUE HENRIQUE MACIEL MARINHO";"";"2012-06-15";"MASCULINO";"SOLTEIRO";"83 988521190";"";"BAIRRO DOS ESTADOS";"JOÃO PESSOA";"PB";"IEB INTERMARES";"GUILHERME / MIGUEL / FILIPE";"FREEDOM BOYS";"NÃO SOU MEMBRO"
"RAQUEL COSTA CIRNE LOPES";"";"16/10/1989";"FEMININO";"CASADO";"(83) 98230-9430";"58035-040";"BESSA";"JOÃO PESSOA";"PB";"IEB INTERMARES";"RAQUEL / ADEILDES";"VENCEDORES";"NÃO SOU MEMBRO"
"GABRIEL CORDEIRO DE SIQUEIRA";"";"2002-12-19";"MASCULINO";"SOLTEIRO";"(83) 98858-5081";"";"INTERMARES";"CABEDELO";"PB";"IEB Intermares";"THIAGO / NATÁLIA";"AWAKE";"SOU MEMBRO"
"TATIANA GOMES SOUZA";"tatianagomessouza@hotmail.com";"01/07/1974";"FEMININO";"CASADO";"(83) 98842-1329";"58103-382";"JARDIM BRASÍLIA";"CABEDELO";"PB";"IEB INTERMARES";"ADVANILTON / EDVÂNIA";"AE01";"NÃO SOU MEMBRO"
"GUILHERME RODRIGUES DA NÓBREGA";"";"1997-04-10";"MASCULINO";"SOLTEIRO";"(83) 98834-0068";"";"POÇO";"CABEDELO";"PB";"IEB INTERMARES";"JOAO / SHIRLEY";"JS01";"SOU MEMBRO"
"CECILIA MARIA GONÇALVES FORMIGA";"";"18/04/2023";"FEMININO";"SOLTEIRO";"";"";"";"";"";"IEB INTERMARES";"RAQUEL / ADEILDES";"VENCEDORES";"SOU MEMBRO"
"AUGUSTO RODRIGUES DE SOUZA";"praugusto.iebi@hotmail.com";"06/08/1959";"MASCULINO";"CASADO";"(83) 98790-5090";"58102-091";"INTERMARES";"CABEDELO";"PB";"IEB Intermares";"";"";"SOU MEMBRO"
"DAVI LEITE COELHO DE LIMA";"";"13/04/2016";"MASCULINO";"SOLTEIRO";"(83) 99819-3669";"58101-686";"PONTA DE CAMPINA";"CABEDELO";"PB";"IEB INTERMARES";"";"SOU COORDENADOR DE REDE";"SOU MEMBRO"
"JAQUELINE LEANDRO MINERVINO DE LIMA";"";"22/03/1974";"FEMININO";"CASADO";"(83) 99837-1334";"";"INTERMARES ";"CABEDELO";"PB";"IEB Intermares";"CLÁUDIO / JAQUELINE";"AGAPE";"SOU MEMBRO"
"GABRIELA WODNOFF AZAMBUJA";"";"2000-01-01";"FEMININO";"0";"51982997408";"";"INTERMARES";"CABEDELO";"PB";"IEB INTERMARES";"HELLISSON / CHARLENE";"ADONAI";"NÃO SOU MEMBRO"
"JOYCE DANIELA ARAUJO DE LIMA";"daniellalima_araujo@hormail.com";"28/04/1992";"FEMININO";"CASADO";"(83) 99915-1960";"58035-000";"BESSA";"JOÃO PESSOA";"PB";"IEB INTERMARES";"ROGÉRIO / LUCIÉLLEN";"AVIVAMENTO";"SOU MEMBRO"
"CLOVIS RANGEL COUTINHO NETO";"";"2004-04-27";"MASCULINO";"SOLTEIRO";"(83) 99143-0557";"";"INTERMARES";"CABEDELO";"PB";"IEB INTERMARES";"GABRIEL / RAYZA";"PENIEL";"SOU MEMBRO"
"JACIARA DE FONTES ARAÚJO";"";"1984-01-25";"FEMININO";"CASADO";"(83) 98822-0450";"";"FORMOSA";"CABEDELO";"PB";"";"ARTHUR / LORENA";"AL01";"NÃO SOU MEMBRO"
"JOAO PAIVA DE OLIVEIRA NETI";"joaopaiva.oliveiraneto@gmail.com";"1996-09-24";"MASCULINO";"SOLTEIRO";"(83) 98666-9789";"58070-510";"CRISTO REDENTOR";"JOÃO PESSOA";"PB";"IEB INTERMARES";"JOAO / SHIRLEY";"JS01";"NÃO SOU MEMBRO"
"MARIA GORETE DA SILVA MOURA ";"loreteixeira2@gmail.com";"1980-06-05";"FEMININO";"CASADO";"83  988084775";"58037-428";"JARDIM OCEANIA";"JOÃO PESSOA";"PB";"IEB Intermares";"SEM CÉLULA";"SEM CÉLULA";"SOU MEMBRO"
"VALTER ARAÚJO CIRNE";"valtercirne@gmail.com";"23/05/1966";"MASCULINO";"CASADO";"(83) 98838-4422";"58106-022";"PORTAL DO POÇO";"CABEDELO";"PB";"IEB INTERMARES";"GILBERTO / MARCIA";"AGUA VIVA 1";""
"PATRÍCIA RÉGIA VIEIRA";"";"0";"FEMININO";"0";"83987603403";"";"TORRE";"JOÃO PESSOA";"PB";"IEB INTERMARES";"PATRÍCIA";"ATOS 1";"SOU MEMBRO"
"ANA EMÍLIA SILVA ANDRADE";"yurisilva22032003@gmail.com";"1999-09-28";"FEMININO";"SOLTEIRO";"(83) 83987-3829";"58105-510";"INTERMARES ";"CABEDELO";"PB";"IEB Intermares";"GABRIEL / RAYZA";"PENIEL";"SOU MEMBRO"
"MATHEUS DA SILVA ROCHA";"wemilly.lara@hotmail.com";"2002-10-31";"MASCULINO";"SOLTEIRO";"(61) 99109-6880";"58101-830";"INTERMARES";"CABEDELO";"PB";"IEB Intermares";"SEM CÉLULA";"SEM CÉLULA";"SOU MEMBRO"
"JANAÍNA DE FREITAS ";"";"08/09/1980";"FEMININO";"CASADO";"(83) 99191-4303";"58100-233";"CENTRO";"CABEDELO";"PB";"IEB Intermares";"GABRIEL / BARBARA";"ATOS 6";""
"SAMUEL RODRIGUES MARQUES ";"rebeccalins17@gmail.com";"2003-09-10";"MASCULINO";"SOLTEIRO";"(83) 99655-6023";"";"SESI";"BAYEUX";"PB";"IEB Intermares";"THIAGO / NATÁLIA";"AWAKE";"SOU MEMBRO"
"EVELLYN LETICIA NOGUEIRA GUEDES ";"";"2001-05-18";"FEMININO";"SOLTEIRO";"(83) 98785-9490";"";"INTERMARES ";"CABEDELO ";"PB";"IEB Intermares";"EVELLYN / FERNANDA";"EF01";"SOU MEMBRO"
"MARIA DONIZETE PENTEADO PORTO";"donipenteado@gmail.com";"2024-07-23";"FEMININO";"CASADO";"(83) 98881-7000";"58102-016";"INTERMARES";"CABEDELO";"PB";"IEB INTERMARES";"HELLISSON / CHARLENE";"ADONAI";"NÃO SOU MEMBRO"
"MARA MARLY";"";"02/03/2026";"FEMININO";"";"";"";"";"";"";"IEB INTERMARES";"MARIA / NILMA";"MN01";"NÃO SOU MEMBRO"
"JOAO ARTUR RODRIGUES PESSOA";"";"04/04/1981";"MASCULINO";"CASADO";"(83) 98818-8426";"";"FUNCIONÁRIOS 2";"JOAO PESSOA ";"PB";"IEB INTERMARES";"ARTHUR / LORENA";"AL01";"SOU MEMBRO"
"FRANCISCA ALZIRA ARAÚJO";"";"2000-01-01";"FEMININO";"0";"83987131437";"";"BESSA";"JOÃO PESSOA - PB";"PB";"IEB INTERMARES";"SEM CÉLULA";"SEM CÉLULA";"NÃO SOU MEMBRO"
"KELIANA LOURENÇO GOMES RODRIGUES";"";"25/03/1978";"FEMININO";"0";"(83)99848-0550";"";"0";"CABEDELO";"PB";"IEB INTERMARES";"RHODNEY / KAREN";"YAHWEH";"NÃO SOU MEMBRO"
"MONALISA LIMA FREIRE";"";"2011-06-30";"FEMININO";"SOLTEIRO";"(83) 96904-513";"58106-086";"PORTAL DO POÇO";"CABEDELO";"PB";"IEB INTERMARES";"SEM CÉLULA";"SEM CÉLULA";"SOU MEMBRO"
"MARIA DE FATIMA DO NASCIMENTO";"fatimanascimento2022@gmail.com";"24/03/1971";"FEMININO";"CASADO";"(83) 99141-4451";"58037-030";"JARDIM OCEANIA";"JOÃO PESSOA";"PB";"IEB INTERMARES";"GUTEMBERG / ELAINE";"ATOS 2";"SOU MEMBRO"
"SARAH LIMEIRA SANCHES ALVES";"saralsalves@icloud.com";"03/07/2019";"FEMININO";"SOLTEIRO";"(83) 99890-4133";"58035-480";"BESSA";"JOÃO PESSOA";"PB";"IEB INTERMARES";"RAQUEL / ADEILDES";"VENCEDORES";""
